"","state","numcol","yieldpercol","totalprod","stocks","priceperlb","prodvalue","year","StateName","Region","nCLOTHIANIDIN","nIMIDACLOPRID","nTHIAMETHOXAM","nACETAMIPRID","nTHIACLOPRID","nAllNeonic","totalprod2","yrsince1998"
"1","AL",11000,56,616000,209000,1.49,918000,2007,"Alabama","South",7696.2,3258.1,4149.6,1,1,15103.9,616,9
"2","AL",11000,72,792000,230000,1.21,958000,2006,"Alabama","South",680,4230.2,5371.6,1,1,10281.8,792,8
"3","AL",12000,86,1032000,103000,1.18,1218000,2002,"Alabama","South",1,1178.8,840.4,1,1,2019.2,1032,4
"4","AL",12000,87,1044000,282000,1.41,1472000,2004,"Alabama","South",2676.4,1323.9,3863.9,1,1,7864.2,1044,6
"5","AL",13000,66,858000,266000,1.02,875000,2005,"Alabama","South",1503.6,994.5,5493.9,1,1,7992,858,7
"6","AL",13000,82,1066000,43000,1.24,1322000,2003,"Alabama","South",1,668.3,591.7,1,1,1260,1066,5
"7","AL",14000,73,1022000,235000,0.72,736000,2001,"Alabama","South",1,1490.8,1,1,1,1490.8,1022,3
"8","AL",16000,71,1136000,159000,0.72,818000,1998,"Alabama","South",1,1836.3,1,1,1,1836.3,1136,0
"9","AL",16000,78,1248000,187000,0.59,736000,2000,"Alabama","South",1,1499.2,1,1,1,1499.2,1248,2
"10","AL",17000,68,1156000,185000,0.56,647000,1999,"Alabama","South",1,1251.2,1,1,1,1251.2,1156,1
"11","AL",7000,47,329000,13000,3.83,1260000,2015,"Alabama","South",56.2,10919.3,1101.6,1,1,12077.1,329,17
"12","AL",7000,52,364000,55000,2.85,1037000,2013,"Alabama","South",5992.9,8284.4,5202,1,1,19479.3,364,15
"13","AL",7000,53,371000,26000,3.53,1310000,2014,"Alabama","South",7971.6,12194.1,4745.4,1,1,24911.1,371,16
"14","AL",8000,54,432000,65000,2.47,1067000,2012,"Alabama","South",4797.8,6249.1,7002.6,1,1,18049.5,432,14
"15","AL",9000,50,450000,63000,2.51,1130000,2011,"Alabama","South",10106.1,5229.8,7148.1,1,1,22484,450,13
"16","AL",9000,50,450000,68000,1.86,837000,2009,"Alabama","South",5087.2,3991.9,4076.2,1,1,13155.3,450,11
"17","AL",9000,54,486000,73000,2.4,1166000,2010,"Alabama","South",1914,1757,4658.3,1,1,8329.3,486,12
"18","AL",9000,66,594000,214000,1.9,1129000,2008,"Alabama","South",1598.3,3296.6,4214.5,1,1,9109.4,594,10
"19","AR",21000,65,1365000,137000,2.04,2785000,2014,"Arkansas","South",15202.6,17066.9,23805.3,692.1,1,56766.9,1365,16
"20","AR",22000,60,1320000,66000,2.02,2666000,2013,"Arkansas","South",17338.3,17309,23873.8,1,1,58521.1,1320,15
"21","AR",22000,64,1408000,239000,1.62,2281000,2011,"Arkansas","South",5894.4,15162.1,33501,2874.3,1,57431.8,1408,13
"22","AR",24000,57,1368000,301000,1.42,1943000,2009,"Arkansas","South",4346.9,10079.4,21186.5,349.1,1,35961.9,1368,11
"23","AR",24000,72,1728000,121000,2.06,3560000,2015,"Arkansas","South",1070.4,5235.9,5373,748,1,12427.3,1728,17
"24","AR",25000,60,1500000,360000,1.47,2205000,2010,"Arkansas","South",3544.8,9049.8,21468.2,902.7,1,34965.5,1500,12
"25","AR",25000,63,1575000,189000,1.98,3119000,2012,"Arkansas","South",4939.2,12508.7,33718.9,59.7,1,51226.5,1575,14
"26","AR",28000,75,2100000,525000,1.35,2835000,2008,"Arkansas","South",2168.9,9093.8,25102.8,995.7,1,37361.2,2100,10
"27","AR",28000,80,2240000,672000,0.95,2128000,2007,"Arkansas","South",209.8,12750.1,17475.5,1277.4,1,31712.8,2240,9
"28","AR",32000,76,2432000,730000,0.89,2164000,2006,"Arkansas","South",1518.4,7036.6,20647.9,4686.6,1,33889.5,2432,8
"29","AR",36000,69,2484000,571000,0.97,2409000,2005,"Arkansas","South",2458.3,6902.1,7310.4,981.2,1,17652,2484,7
"30","AR",40000,57,2280000,388000,0.87,1984000,2004,"Arkansas","South",530.9,11941.3,9368.6,3312.4,1,25153.2,2280,6
"31","AR",40000,75,3e+06,810000,1.26,3780000,2003,"Arkansas","South",1,3266.6,2280,20.8,1,5567.4,3000,5
"32","AR",45000,88,3960000,871000,1.26,4990000,2002,"Arkansas","South",1,1306.7,1462,107.9,1,2876.6,3960,4
"33","AR",50000,98,4900000,1617000,0.65,3185000,2001,"Arkansas","South",1,2884.8,684.9,1,1,3569.7,4900,3
"34","AR",52000,89,4628000,2592000,0.53,2453000,1999,"Arkansas","South",1,692.2,1,1,1,692.2,4628,1
"35","AR",52000,93,4836000,3337000,0.57,2757000,2000,"Arkansas","South",1,844,81.2,1,1,925.2,4836,2
"36","AR",53000,65,3445000,1688000,0.59,2033000,1998,"Arkansas","South",1,1262.3,1,1,1,1262.3,3445,0
"37","AZ",20000,52,1040000,562000,1.45,1508000,2009,"Arizona","West",266,9309.2,526.1,1246.8,1,11348.1,1040,11
"38","AZ",22000,46,1012000,253000,1.79,1811000,2012,"Arizona","West",2036.4,10907.6,759.2,1535.1,1,15238.3,1012,14
"39","AZ",23000,53,1219000,427000,1.55,1889000,2011,"Arizona","West",1188.3,15866.7,2721,1134.2,1,20910.2,1219,13
"40","AZ",24000,77,1848000,665000,1.52,2809000,2010,"Arizona","West",921.7,9530.3,1225.3,857.7,1,12535,1848,12
"41","AZ",25000,64,1600000,336000,1.26,2016000,2008,"Arizona","West",1,8541.8,190.8,1791.8,1,10524.4,1600,10
"42","AZ",26000,39,1014000,193000,1.92,1947000,2014,"Arizona","West",2262.1,15137.4,1680.7,569.1,1,19649.3,1014,16
"43","AZ",26000,49,1274000,306000,2.03,2586000,2015,"Arizona","West",223.1,13254.2,340.1,1319.1,1,15136.5,1274,17
"44","AZ",29000,36,1044000,251000,1.96,2046000,2013,"Arizona","West",2139.8,15241.6,226.5,1961.4,1,19569.3,1044,15
"45","AZ",30000,64,1920000,902000,1.26,2419000,2007,"Arizona","West",48.7,9038,304,679.5,1,10070.2,1920,9
"46","AZ",30000,65,1950000,839000,0.91,1775000,2006,"Arizona","West",48.7,9657.7,547.3,3470.6,1,13724.3,1950,8
"47","AZ",32000,55,1760000,774000,1.11,1954000,2004,"Arizona","West",96.7,10884.3,257.8,1635.9,1,12874.7,1760,6
"48","AZ",35000,72,2520000,983000,1.34,3377000,2003,"Arizona","West",1,9847.5,94.4,1120.2,1,11062.1,2520,5
"49","AZ",36000,50,1800000,720000,1.04,1872000,2005,"Arizona","West",1,8633.8,141.2,2509.3,1,11284.3,1800,7
"50","AZ",38000,63,2394000,1197000,1.08,2586000,2002,"Arizona","West",1,6235.4,562.2,141.6,1,6939.2,2394,4
"51","AZ",40000,59,2360000,1322000,0.73,1723000,2000,"Arizona","West",1,10467.4,1,1,1,10467.4,2360,2
"52","AZ",43000,59,2537000,1142000,0.72,1827000,2001,"Arizona","West",1,3713.1,19.6,1,1,3732.7,2537,3
"53","AZ",52000,62,3224000,1548000,0.62,1999000,1999,"Arizona","West",1,5171.6,1,1,1,5171.6,3224,1
"54","AZ",55000,60,3300000,1485000,0.64,2112000,1998,"Arizona","West",1,4814.2,1,1,1,4814.2,3300,0
"55","CA",275000,30,8250000,1485000,2.03,16748000,2015,"California","West",143619.6,150569.3,17910.1,22852.8,1,334951.8,8250,17
"56","CA",320000,39,12480000,2995000,2.06,25709000,2014,"California","West",7845.2,134904.2,15249.1,20154.2,1,178152.7,12480,16
"57","CA",330000,33,10890000,2505000,2.11,22978000,2013,"California","West",6569.3,130277,12189.3,18075.6,1,167111.2,10890,15
"58","CA",330000,35,11550000,3119000,1.94,22407000,2012,"California","West",2898.1,112795.9,7572.1,17423,0.3,140689.4,11550,14
"59","CA",340000,40,13600000,3672000,1.04,14144000,2007,"California","West",1.3,112185.1,2541.8,11249.3,28.7,126006.2,13600,9
"60","CA",355000,33,11715000,2109000,1.39,16284000,2009,"California","West",796.9,73976.8,4115.9,9496.4,1,88386,11715,11
"61","CA",360000,51,18360000,4039000,1.39,25520000,2008,"California","West",608,61475.8,3394.4,36480.3,17.1,101975.6,18360,10
"62","CA",370000,48,17760000,3730000,1.65,29304000,2011,"California","West",14229.5,112450.6,7391.2,15457,1,149528.3,17760,13
"63","CA",380000,52,19760000,7706000,0.97,19167000,2006,"California","West",1,45520.7,4963.9,13963.7,39.8,64488.1,19760,8
"64","CA",390000,45,17550000,5792000,1.05,18428000,2004,"California","West",1,38897.8,4439.2,15984.1,1,59321.1,17550,6
"65","CA",4e+05,75,3e+07,9300000,0.86,25800000,2005,"California","West",1,42563.9,5460.7,13997.2,1,62021.8,30000,7
"66","CA",410000,67,27470000,6318000,1.55,42579000,2010,"California","West",1410.8,93949.9,4521.7,11462,1,111344.4,27470,12
"67","CA",440000,70,30800000,11396000,0.59,18172000,2000,"California","West",1,30796.5,1,1,1,30796.5,30800,2
"68","CA",450000,83,37350000,12326000,0.62,23157000,1998,"California","West",1,61047.2,1,1,1,61047.2,37350,0
"69","CA",460000,61,28060000,7857000,0.69,19361000,2001,"California","West",1,35178.6,1,1,1,35178.6,28060,3
"70","CA",465000,60,27900000,9486000,0.55,15345000,1999,"California","West",1,41778.9,1,1,1,41778.9,27900,1
"71","CA",470000,50,23500000,3525000,1.32,31020000,2002,"California","West",1,36653.3,5021.8,3007.5,1,44682.6,23500,4
"72","CA",480000,67,32160000,6432000,1.39,44702000,2003,"California","West",1,38511.7,4615.1,12293,1,55419.8,32160,5
"73","CO",23000,80,1840000,791000,1.35,2484000,2004,"Colorado","West",1861.5,1657,1847.5,1,1,5366,1840,6
"74","CO",24000,60,1440000,576000,1.29,1858000,2002,"Colorado","West",1,1213.2,353.6,1,1,1566.8,1440,4
"75","CO",24000,86,2064000,722000,1.4,2890000,2003,"Colorado","West",1,381.1,485.3,1,1,866.4,2064,5
"76","CO",25000,48,1200000,468000,2.07,2484000,2012,"Colorado","West",12283.8,3915.9,5185.3,1,1,21385,1200,14
"77","CO",26000,43,1118000,324000,2.1,2348000,2013,"Colorado","West",9791.5,3276.3,6200.5,1,1,19268.3,1118,15
"78","CO",26000,55,1430000,529000,0.71,1015000,2001,"Colorado","West",1,1575,9.8,1,1,1584.8,1430,3
"79","CO",27000,37,999000,2e+05,2.11,2108000,2014,"Colorado","West",8658.2,1140.7,8689.7,1,1,18488.6,999,16
"80","CO",27000,45,1215000,656000,1.51,1835000,2008,"Colorado","West",4894.1,960.4,2425.9,12.2,1,8292.6,1215,10
"81","CO",27000,72,1944000,1594000,0.7,1361000,1998,"Colorado","West",1,1724.5,1,1,1,1724.5,1944,0
"82","CO",27000,76,2052000,1436000,0.68,1395000,1999,"Colorado","West",1,913.9,1,1,1,913.9,2052,1
"83","CO",28000,53,1484000,326000,1.43,2122000,2009,"Colorado","West",7375.4,2561.9,2176,1,1,12113.3,1484,11
"84","CO",28000,70,1960000,902000,0.97,1901000,2005,"Colorado","West",5369.9,2381.9,622.5,1,1,8374.3,1960,7
"85","CO",29000,51,1479000,399000,2.26,3343000,2015,"Colorado","West",1,4567.8,207,1,1,4774.8,1479,17
"86","CO",29000,60,1740000,957000,0.62,1079000,2000,"Colorado","West",1,263.8,1,1,1,263.8,1740,2
"87","CO",31000,51,1581000,838000,1.15,1818000,2007,"Colorado","West",2223.3,1794,1077.1,1,1,5094.4,1581,9
"88","CO",31000,55,1705000,443000,2,3410000,2011,"Colorado","West",20234.1,3789.6,3456.8,1,1,27480.5,1705,13
"89","CO",34000,56,1904000,533000,1.52,2894000,2010,"Colorado","West",16623.2,3435.3,4125.3,1,1,24183.8,1904,12
"90","CO",36000,75,2700000,1458000,1.04,2808000,2006,"Colorado","West",3165.9,883.8,1464,1,1,5513.7,2700,8
"91","FL",150000,79,11850000,1304000,1.32,15642000,2008,"Florida","South",134.3,31040.8,2152,181.1,1,33508.2,11850,10
"92","FL",160000,71,11360000,1363000,0.99,11246000,2007,"Florida","South",84.4,42580.1,933.8,16.5,1,43614.8,11360,9
"93","FL",160000,86,13760000,2477000,0.87,11971000,2005,"Florida","South",7.9,26821.9,1887.8,93.5,1,28811.1,13760,7
"94","FL",170000,68,11560000,1618000,1.42,16415000,2009,"Florida","South",96.3,31796.6,2237.5,734.4,1,34864.8,11560,11
"95","FL",170000,81,13770000,1790000,1,13770000,2006,"Florida","South",85.4,20595,625.4,156.2,1,21462,13770,8
"96","FL",180000,61,10980000,988000,1.68,18446000,2011,"Florida","South",358.2,38183.4,13523.4,469.8,1,52534.8,10980,13
"97","FL",193000,64,12352000,1235000,1.84,22728000,2012,"Florida","South",657.7,45642.4,11270.7,487.6,1,58058.4,12352,14
"98","FL",2e+05,69,13800000,1794000,1.56,21528000,2010,"Florida","South",238.5,29766.4,3700.1,290.7,1,33995.7,13800,12
"99","FL",205000,98,20090000,2009000,1.02,20492000,2004,"Florida","South",1,15851,1146.7,1,1,16997.7,20090,6
"100","FL",210000,71,14910000,1491000,1.32,19681000,2003,"Florida","South",1,35597.6,1,1,1,35597.6,14910,5
"101","FL",220000,100,2.2e+07,3432000,0.64,14080000,2001,"Florida","South",1,9378.8,1,1,1,9378.8,22000,3
"102","FL",220000,54,11880000,832000,1.97,23404000,2015,"Florida","South",198.9,37847.4,7991.5,712,1,46749.8,11880,17
"103","FL",220000,61,13420000,1074000,2.03,27243000,2013,"Florida","South",281.9,61532,13291,643.9,1,75748.8,13420,15
"104","FL",220000,93,20460000,2026000,1.14,23324000,2002,"Florida","South",1,7846.5,10.2,1,1,7856.7,20460,4
"105","FL",228000,102,23256000,4186000,0.53,12326000,1999,"Florida","South",1,11173.8,1,1,1,11173.8,23256,1
"106","FL",230000,98,22540000,4508000,0.64,14426000,1998,"Florida","South",1,11049.1,1,1,1,11049.1,22540,0
"107","FL",232000,105,24360000,2923000,0.54,13154000,2000,"Florida","South",1,6003.8,1,1,1,6003.8,24360,2
"108","FL",245000,60,14700000,1029000,2.08,30576000,2014,"Florida","South",858.6,30203.3,13241.9,368.9,1,44672.7,14700,16
"109","GA",50000,52,2600000,52000,1.13,2938000,2002,"Georgia","South",1,5541.3,2643.7,1,1,8185,2600,4
"110","GA",52000,65,3380000,270000,1.28,4326000,2003,"Georgia","South",1,11799.7,1670.2,1,1,13469.9,3380,5
"111","GA",55000,46,2530000,152000,1.67,4225000,2010,"Georgia","South",2010.1,15499.6,8551.6,45.6,10.4,26117.3,2530,12
"112","GA",55000,57,3135000,188000,0.7,2195000,2001,"Georgia","South",1,4127.4,1,1,1,4127.4,3135,3
"113","GA",55000,57,3135000,376000,0.63,1975000,2000,"Georgia","South",1,3065.3,1,1,1,3065.3,3135,2
"114","GA",59000,49,2891000,434000,0.89,2573000,2005,"Georgia","South",58.4,3524.6,3326.1,7.6,20.6,6937.3,2891,7
"115","GA",59000,51,3009000,181000,1.92,5777000,2012,"Georgia","South",2027.7,21222,17521.6,62.3,5.9,40839.5,3009,14
"116","GA",60000,58,3480000,522000,1.19,4141000,2007,"Georgia","South",3736.5,5571.6,7840.9,10.8,1,17159.8,3480,9
"117","GA",63000,49,3087000,648000,1.2,3704000,2004,"Georgia","South",4667.9,3927.7,1823,0.1,2.7,10421.4,3087,6
"118","GA",63000,74,4662000,746000,1.2,5594000,2006,"Georgia","South",1161.6,11053.7,9371.1,52.7,41.4,21680.5,4662,8
"119","GA",65000,41,2665000,346000,1.47,3918000,2009,"Georgia","South",2305.1,11526.9,9464,27.8,0.4,23324.2,2665,11
"120","GA",65000,43,2795000,196000,1.65,4612000,2011,"Georgia","South",2592.3,38017.1,17996.9,6,13.1,58625.4,2795,13
"121","GA",65000,51,3315000,497000,0.64,2122000,1999,"Georgia","South",1,3647.8,1,1,1,3647.8,3315,1
"122","GA",65000,71,4615000,369000,1.52,7015000,2008,"Georgia","South",1942.8,6568.8,9468.3,25.9,21.5,18027.3,4615,10
"123","GA",67000,50,3350000,637000,2.26,7571000,2013,"Georgia","South",4551.9,17838.7,22223.9,33.7,1,44648.2,3350,15
"124","GA",69000,40,2760000,221000,2.43,6707000,2015,"Georgia","South",1734.4,24940.5,2930,41.6,1,29646.5,2760,17
"125","GA",73000,62,4526000,362000,2.19,9912000,2014,"Georgia","South",7799.7,27802.7,16303.3,27,1,51932.7,4526,16
"126","GA",75000,56,4200000,307000,0.69,2898000,1998,"Georgia","South",1,5259.6,1,1,1,5259.6,4200,0
"127","IA",24000,62,1488000,580000,1.58,2351000,2008,"Iowa","Midwest",95696,16994.9,37337.2,0.9,1,150029,1488,10
"128","IA",25000,62,1550000,961000,1.96,3038000,2011,"Iowa","Midwest",129359.2,36744.7,56816.9,10.3,1,222931.1,1550,13
"129","IA",26000,42,1092000,339000,1.6,1747000,2009,"Iowa","Midwest",87469.4,17994.1,52617.1,7.5,1,158088.1,1092,11
"130","IA",26000,81,2106000,1221000,1.31,2759000,2007,"Iowa","Midwest",55855.6,6057.1,31059.7,7.9,1,92980.3,2106,9
"131","IA",26000,84,2184000,1441000,1.37,2992000,2006,"Iowa","Midwest",48965.9,4205.2,18630.3,8.4,1,71809.8,2184,8
"132","IA",27000,49,1323000,463000,1.92,2540000,2010,"Iowa","Midwest",61314.3,75558.9,48152.2,5.8,1,185031.2,1323,12
"133","IA",28000,88,2464000,1232000,1.21,2981000,2005,"Iowa","Midwest",39662.1,5884.9,8273.3,9.1,1,53829.4,2464,7
"134","IA",30000,67,2010000,1206000,0.68,1367000,2000,"Iowa","Midwest",1,61.4,1,1,1,61.4,2010,2
"135","IA",32000,59,1888000,868000,1.42,2681000,2003,"Iowa","Midwest",1,79.4,4.4,9.2,1,93,1888,5
"136","IA",33000,51,1683000,875000,0.75,1262000,2001,"Iowa","Midwest",1,57.6,0.6,1,1,58.2,1683,3
"137","IA",33000,70,2310000,901000,1.43,3303000,2002,"Iowa","Midwest",1,102.5,3.3,1,1,105.8,2310,4
"138","IA",35000,43,1505000,933000,2.41,3627000,2014,"Iowa","Midwest",256886.6,53938,64834.6,11.9,1,375671.1,1505,16
"139","IA",35000,67,2345000,1337000,1.06,2486000,2004,"Iowa","Midwest",21798.9,8143.3,5280.1,16,1,35238.3,2345,6
"140","IA",36000,50,1800000,990000,2.2,3960000,2015,"Iowa","Midwest",3.2,4945.6,6004.2,3.3,1,10956.3,1800,17
"141","IA",37000,61,2257000,1196000,2.17,4898000,2012,"Iowa","Midwest",168229.2,49328.3,59286.2,11,1,276854.7,2257,14
"142","IA",39000,48,1872000,1217000,2.45,4586000,2013,"Iowa","Midwest",214836,70715.7,49952.7,25.5,1,335529.9,1872,15
"143","IA",40000,65,2600000,2028000,0.65,1690000,1999,"Iowa","Midwest",1,65.5,1,1,1,65.5,2600,1
"144","IA",50000,78,3900000,2301000,0.7,2730000,1998,"Iowa","Midwest",1,322.4,1,1,1,322.4,3900,0
"145","ID",1e+05,46,4600000,1380000,1.33,6118000,2003,"Idaho","West",1,3601.3,575.4,27.1,1,4203.8,4600,5
"146","ID",1e+05,46,4600000,1610000,0.67,3082000,2001,"Idaho","West",1,2620.4,145.1,1,1,2765.5,4600,3
"147","ID",1e+05,47,4700000,2679000,0.52,2444000,2000,"Idaho","West",1,4524.8,1,1,1,4524.8,4700,2
"148","ID",1e+05,57,5700000,1653000,1.37,7809000,2002,"Idaho","West",1,2132.6,1352.3,4.5,1,3489.4,5700,4
"149","ID",1e+05,63,6300000,2520000,1.02,6426000,2004,"Idaho","West",0.3,3398.2,973.4,133.9,60.7,4566.5,6300,6
"150","ID",1e+05,34,3400000,850000,2.03,6902000,2014,"Idaho","West",6741.1,30798.5,5683.5,40.1,31.2,43294.4,3400,16
"151","ID",103000,46,4738000,1706000,1.52,7202000,2009,"Idaho","West",2353.4,22734,3717.1,61.7,19.3,28885.5,4738,11
"152","ID",120000,48,5760000,3110000,0.59,3398000,1999,"Idaho","West",1,906.8,1,1,1,906.8,5760,1
"153","ID",120000,50,6e+06,2220000,0.65,3900000,1998,"Idaho","West",1,2116.3,1,1,1,2116.3,6000,0
"154","ID",83000,32,2656000,1036000,2.02,5365000,2013,"Idaho","West",4217.4,27564.6,7735.4,44.4,19.4,39581.2,2656,15
"155","ID",87000,36,3132000,1879000,1.78,5575000,2011,"Idaho","West",1157.6,25864.1,4727,108.7,27.6,31885,3132,13
"156","ID",89000,32,2848000,1082000,1.93,5497000,2015,"Idaho","West",0.3,20995.8,178.2,53.3,3.2,21230.8,2848,17
"157","ID",90000,40,3600000,1440000,1.46,5256000,2008,"Idaho","West",470.2,15855.1,1813,76.1,15.6,18230,3600,10
"158","ID",92000,32,2944000,530000,1.63,4799000,2012,"Idaho","West",3325.7,34000,5972.2,87.5,4.9,43390.3,2944,14
"159","ID",92000,41,3772000,1848000,1.15,4338000,2007,"Idaho","West",60.6,9556.5,1220.5,67.5,18.6,10923.7,3772,9
"160","ID",95000,37,3515000,1793000,0.8,2812000,2005,"Idaho","West",99.1,3750.9,1607.9,117,23,5597.9,3515,7
"161","ID",95000,44,4180000,2592000,0.97,4055000,2006,"Idaho","West",1186.8,5475.7,1106.5,157.1,2.8,7928.9,4180,8
"162","ID",97000,27,2619000,1179000,1.61,4217000,2010,"Idaho","West",4288.3,19051.4,6740.8,143.4,36.7,30260.6,2619,12
"163","IL",10000,66,660000,356000,2.14,1412000,2006,"Illinois","Midwest",39370,2538.7,8750.8,74.9,64.3,50798.7,660,8
"164","IL",6000,76,456000,251000,1.58,720000,2001,"Illinois","Midwest",1,650.8,1,1,1,650.8,456,3
"165","IL",7000,48,336000,101000,4.19,1408000,2013,"Illinois","Midwest",222432.9,79582.5,31131.3,178.9,1,333325.6,336,15
"166","IL",7000,50,350000,98000,3.9,1365000,2011,"Illinois","Midwest",130241.7,66760.4,30175.8,98.2,1,227276.1,350,13
"167","IL",7000,55,385000,193000,1.86,716000,2004,"Illinois","Midwest",38467.5,7921.4,2068.2,456.9,110.5,49024.5,385,6
"168","IL",7000,60,420000,252000,1.83,769000,2003,"Illinois","Midwest",1,790.6,21.7,46.3,1,858.6,420,5
"169","IL",7000,61,427000,145000,3.55,1516000,2012,"Illinois","Midwest",212756.9,58895.9,38048.5,152.7,1,309854,427,14
"170","IL",8000,34,272000,57000,2.55,694000,2009,"Illinois","Midwest",87037.3,8471.3,33399.8,123.2,1,129031.6,272,11
"171","IL",8000,49,392000,94000,4.11,1611000,2014,"Illinois","Midwest",278498.8,85852.3,38568.4,92.1,1,403011.6,392,16
"172","IL",8000,51,408000,155000,4.66,1901000,2015,"Illinois","Midwest",17.1,6849.6,15849.1,80.9,1,22796.7,408,17
"173","IL",8000,56,448000,116000,2.59,1160000,2008,"Illinois","Midwest",83463.1,10470,17551.8,24.9,1,111509.8,448,10
"174","IL",8000,61,488000,146000,1.17,571000,2000,"Illinois","Midwest",1,416.4,1,1,1,416.4,488,2
"175","IL",8000,85,680000,408000,1.84,1251000,2005,"Illinois","Midwest",47239,7969.5,4114.8,74.2,1,59397.5,680,7
"176","IL",9000,41,369000,92000,2.78,1026000,2010,"Illinois","Midwest",78975.3,74302.9,34804.7,24.5,1,188107.4,369,12
"177","IL",9000,63,567000,374000,2.49,1412000,2007,"Illinois","Midwest",59760.1,6555.4,14219,73.1,1,80607.6,567,9
"178","IL",9000,66,594000,327000,1.15,683000,1999,"Illinois","Midwest",1,231,1,1,1,231,594,1
"179","IL",9000,71,639000,204000,1.19,760000,1998,"Illinois","Midwest",1,200.9,1,1,1,200.9,639,0
"180","IL",9000,80,720000,130000,1.47,1058000,2002,"Illinois","Midwest",1,293.7,15.7,1,1,309.4,720,4
"181","IN",10000,43,430000,151000,2.23,959000,2010,"Indiana","Midwest",38671.5,50011.9,16785.9,30.8,13.7,105513.8,430,12
"182","IN",10000,81,810000,437000,0.9,729000,1999,"Indiana","Midwest",1,458.3,1,1,1,458.3,810,1
"183","IN",5000,56,280000,78000,1.66,465000,2003,"Indiana","Midwest",1,441.8,69,65.5,1,576.3,280,5
"184","IN",5000,62,310000,115000,3.19,989000,2014,"Indiana","Midwest",149287.3,66659.6,18844.2,56.8,0.4,234848.3,310,16
"185","IN",6000,47,282000,82000,2.77,781000,2013,"Indiana","Midwest",123068.8,37155.9,23874.4,27.6,1,184126.7,282,15
"186","IN",6000,53,318000,165000,3.23,1027000,2015,"Indiana","Midwest",7.1,2418.8,1287.9,38.3,1,3752.1,318,17
"187","IN",7000,54,378000,125000,1.58,597000,2006,"Indiana","Midwest",28214.9,4295.6,10034.6,32.6,53.1,42630.8,378,8
"188","IN",7000,59,413000,145000,1.47,607000,2004,"Indiana","Midwest",18854.2,3633.8,2092.6,66.7,83.6,24730.9,413,6
"189","IN",7000,67,469000,150000,1.68,788000,2008,"Indiana","Midwest",37050.8,2742.7,10810.1,20.2,18.6,50642.4,469,10
"190","IN",7000,76,532000,186000,0.92,489000,2001,"Indiana","Midwest",1,393.3,1,1,1,393.3,532,3
"191","IN",8000,51,408000,147000,2.14,873000,2011,"Indiana","Midwest",56387.8,53736.8,15199.8,45.6,4.3,125374.3,408,13
"192","IN",8000,53,424000,119000,1.5,636000,2007,"Indiana","Midwest",45215.8,7096.6,10117.2,40.6,10.2,62480.4,424,9
"193","IN",8000,59,472000,203000,2.54,1199000,2012,"Indiana","Midwest",108503.1,52850.4,19470.2,28.2,1.7,180853.6,472,14
"194","IN",8000,62,496000,233000,1.19,590000,2002,"Indiana","Midwest",1,255.7,30.2,1,1,285.9,496,4
"195","IN",8000,64,512000,189000,1.18,604000,2005,"Indiana","Midwest",39014.6,2692.9,6777,41.7,24.5,48550.7,512,7
"196","IN",8000,65,520000,286000,1.03,536000,2000,"Indiana","Midwest",1,228.9,1,1,1,228.9,520,2
"197","IN",9000,32,288000,101000,2.02,582000,2009,"Indiana","Midwest",37115,13889.8,15124.8,76.8,19.8,66226.2,288,11
"198","IN",9000,92,828000,489000,0.85,704000,1998,"Indiana","Midwest",1,93.1,1,1,1,93.1,828,0
"199","KS",10000,61,610000,128000,1.55,946000,2008,"Kansas","Midwest",18574.2,6267.3,11798.4,1,1,36639.9,610,10
"200","KS",13000,51,663000,530000,0.96,636000,2001,"Kansas","Midwest",1,46.9,1,1,1,46.9,663,3
"201","KS",13000,67,871000,854000,1.11,967000,1999,"Kansas","Midwest",1,22.6,1,1,1,22.6,871,1
"202","KS",14000,40,560000,196000,1.18,661000,2007,"Kansas","Midwest",20029,1155.9,6636.6,1,235.3,28056.8,560,9
"203","KS",14000,55,770000,246000,1.17,901000,2006,"Kansas","Midwest",12961,3964.6,9406.4,1,1,26332,770,8
"204","KS",14000,80,1120000,683000,1.18,1322000,2004,"Kansas","Midwest",7479.3,10636.1,3575.9,20.2,1,21711.5,1120,6
"205","KS",15000,68,1020000,520000,0.91,928000,2000,"Kansas","Midwest",1,28.7,1,1,1,28.7,1020,2
"206","KS",16000,46,736000,390000,0.87,640000,1998,"Kansas","Midwest",1,20.1,1,1,1,20.1,736,0
"207","KS",16000,50,8e+05,328000,1.05,840000,2005,"Kansas","Midwest",10489,3142.6,5469.7,1,1,19101.3,800,7
"208","KS",16000,57,912000,447000,1.41,1286000,2003,"Kansas","Midwest",1,23.7,81.7,16.2,1,121.6,912,5
"209","KS",17000,52,884000,407000,1.5,1326000,2002,"Kansas","Midwest",1,10.2,98.1,1,1,108.3,884,4
"210","KS",6000,46,276000,39000,2.5,690000,2013,"Kansas","Midwest",71506.6,29835,29067,1,1,130408.6,276,15
"211","KS",6000,55,330000,125000,2.28,752000,2012,"Kansas","Midwest",48739.6,37132.2,29558.4,1,1,115430.2,330,14
"212","KS",7000,44,308000,117000,2.15,662000,2011,"Kansas","Midwest",29542.7,19711.5,24384.9,1,1,73639.1,308,13
"213","KS",7000,75,525000,84000,2.38,1250000,2014,"Kansas","Midwest",67757.5,46814.4,31315.3,0.3,1,145887.5,525,16
"214","KS",8000,36,288000,107000,3.5,1008000,2015,"Kansas","Midwest",1,2238.9,2230,0.2,1,4469.1,288,17
"215","KS",9000,52,468000,103000,2.02,945000,2010,"Kansas","Midwest",15132.8,22264.7,17974.1,1,1,55371.6,468,12
"216","KS",9000,63,567000,164000,1.85,1049000,2009,"Kansas","Midwest",24430.8,8915.2,26354.2,1,1,59700.2,567,11
"217","KY",3000,41,123000,17000,3.25,4e+05,2013,"Kentucky","South",32857.7,14255.7,4577.4,27.2,1,51718,123,15
"218","KY",3000,50,150000,12000,1.24,186000,1999,"Kentucky","South",1,4566.6,1,1,1,4566.6,150,1
"219","KY",3000,50,150000,51000,1.4,210000,1998,"Kentucky","South",1,3317.9,1,1,1,3317.9,150,0
"220","KY",4000,39,156000,12000,3.17,495000,2011,"Kentucky","South",7982,16392.4,11304.4,32.7,1,35711.5,156,13
"221","KY",4000,39,156000,27000,2.44,381000,2008,"Kentucky","South",5241.4,5605.5,2053.5,36.4,1,12936.8,156,10
"222","KY",4000,48,192000,54000,1.35,259000,2000,"Kentucky","South",1,3284.7,1,1,1,3284.7,192,2
"223","KY",4000,61,244000,54000,2.12,517000,2007,"Kentucky","South",9675.1,2649.4,1569.6,30.7,1,13924.8,244,9
"224","KY",4000,78,312000,125000,1.41,440000,2001,"Kentucky","South",1,2705.4,1,1,1,2705.4,312,3
"225","KY",5000,35,175000,25000,2.71,474000,2009,"Kentucky","South",8067.6,5332.7,3797.5,42.7,1,17240.5,175,11
"226","KY",5000,46,230000,55000,4.04,929000,2015,"Kentucky","South",2.5,3918.7,582.5,58.5,1,4562.2,230,17
"227","KY",5000,47,235000,56000,3.96,931000,2014,"Kentucky","South",36534.5,30765.2,8474.1,45.4,1,75819.2,235,16
"228","KY",5000,48,240000,14000,1.67,401000,2003,"Kentucky","South",1,2013.9,312.9,3.6,1,2330.4,240,5
"229","KY",5000,50,250000,40000,2.08,520000,2005,"Kentucky","South",1915.3,1821.1,428.5,28.4,1,4193.3,250,7
"230","KY",5000,51,255000,41000,3.15,803000,2012,"Kentucky","South",19734.3,13952.5,6714.5,18.6,1,40419.9,255,14
"231","KY",5000,54,270000,78000,1.63,440000,2002,"Kentucky","South",1,2862.4,137.7,1,1,3000.1,270,4
"232","KY",5000,56,280000,34000,1.96,549000,2004,"Kentucky","South",1655.6,3462.8,348.6,54.6,1.9,5523.5,280,6
"233","KY",5000,56,280000,70000,2.19,613000,2006,"Kentucky","South",3652.4,4672.3,1422.8,60.9,1.1,9809.5,280,8
"234","KY",5000,67,335000,67000,2.72,911000,2010,"Kentucky","South",8732.8,16406.8,3748.7,21.6,1,28909.9,335,12
"235","LA",29000,89,2581000,413000,1.08,2787000,2007,"Louisiana","South",730.1,3945.3,9864.2,759.7,1,15299.3,2581,9
"236","LA",30000,90,2700000,675000,0.9,2430000,2006,"Louisiana","South",1909.5,4995.6,13520.1,356.3,1,20781.5,2700,8
"237","LA",34000,90,3060000,275000,1.24,3794000,2003,"Louisiana","South",1,1251.1,1297.8,25.5,1,2574.4,3060,5
"238","LA",35000,124,4340000,347000,1.16,5034000,2002,"Louisiana","South",1,1309.1,221.2,75.5,1,1605.8,4340,4
"239","LA",35000,97,3395000,611000,0.72,2444000,2005,"Louisiana","South",560.3,3257.3,5588.3,91.5,1,9497.4,3395,7
"240","LA",35000,98,3430000,240000,0.79,2710000,2004,"Louisiana","South",136.6,5336.1,7054,490.4,1,13017.1,3430,6
"241","LA",36000,77,2772000,471000,1.67,4629000,2011,"Louisiana","South",4850.7,20744.8,19026.7,2129.5,1,46751.7,2772,13
"242","LA",36000,80,2880000,288000,1.5,4320000,2010,"Louisiana","South",3808.5,18262.6,6468.3,107.2,1,28646.6,2880,12
"243","LA",37000,103,3811000,610000,1.36,5183000,2009,"Louisiana","South",4220.8,4983.4,14607,384.2,1,24195.4,3811,11
"244","LA",40000,77,3080000,493000,1.36,4189000,2008,"Louisiana","South",1058.4,10848.2,14375.5,451.6,1,26733.7,3080,10
"245","LA",41000,111,4551000,865000,0.59,2685000,1998,"Louisiana","South",1,433.8,1,1,1,433.8,4551,0
"246","LA",41000,86,3526000,141000,1.83,6453000,2012,"Louisiana","South",6514.1,18133.3,20919.4,0.1,1,45566.9,3526,14
"247","LA",43000,94,4042000,1334000,0.52,2102000,2000,"Louisiana","South",1,2964.7,1,1,1,2964.7,4042,2
"248","LA",44000,99,4356000,348000,1.95,8494000,2015,"Louisiana","South",1,7778.9,4740.4,593,1,13112.3,4356,17
"249","LA",45000,106,4770000,572000,0.6,2862000,2001,"Louisiana","South",1,2804.1,460.1,1,1,3264.2,4770,3
"250","LA",48000,114,5472000,821000,0.49,2681000,1999,"Louisiana","South",1,628.4,1,1,1,628.4,5472,1
"251","LA",48000,84,4032000,524000,2.18,8790000,2014,"Louisiana","South",4006.1,20872,24656.1,543.1,1,50077.3,4032,16
"252","LA",50000,98,4900000,490000,1.89,9261000,2013,"Louisiana","South",5418.9,15364.7,16757.5,11,1,37552.1,4900,15
"253","MD",2000,42,84000,21000,1.93,162000,2003,"Maryland","South",1,213.7,53,1.3,1,268,84,5
"254","MD",3000,46,138000,21000,1.96,270000,2002,"Maryland","South",1,541.2,21.3,1,1,562.5,138,4
"255","MD",4000,46,184000,55000,1.6,294000,2001,"Maryland","South",1,339.5,1,1,1,339.5,184,3
"256","MD",6000,46,276000,50000,1.64,453000,1999,"Maryland","South",1,313,1,1,1,313,276,1
"257","MD",6000,46,276000,52000,1.14,315000,2000,"Maryland","South",1,318.2,1,1,1,318.2,276,2
"258","MD",7000,44,308000,92000,1.1,339000,1998,"Maryland","South",1,474.7,1,1,1,474.7,308,0
"259","ME",10000,26,260000,117000,0.69,179000,1998,"Maine","Northeast",1,2915.3,1,1,1,2915.3,260,0
"260","ME",10000,47,470000,47000,5.43,2552000,2015,"Maine","Northeast",12.8,1774.8,320.9,1,1,2108.5,470,17
"261","ME",11000,20,220000,106000,0.79,174000,2001,"Maine","Northeast",1,3353.3,1,1,1,3353.3,220,3
"262","ME",11000,21,231000,143000,0.75,173000,2000,"Maine","Northeast",1,4299.4,1,1,1,4299.4,231,2
"263","ME",11000,23,253000,86000,1.6,405000,2006,"Maine","Northeast",1,2595.2,347.8,142.7,1,3085.7,253,8
"264","ME",11000,41,451000,266000,1.21,546000,2002,"Maine","Northeast",1,4659.4,301.6,1,1,4961,451,4
"265","ME",14000,22,308000,89000,0.83,256000,1999,"Maine","Northeast",1,4802.6,1,1,1,4802.6,308,1
"266","ME",4000,30,120000,17000,1.98,238000,2011,"Maine","Northeast",372.6,3005.5,1208.6,559.6,1,5146.3,120,13
"267","ME",4000,34,136000,24000,2.39,325000,2012,"Maine","Northeast",197.3,1910,1667.6,1,1,3774.9,136,14
"268","ME",5000,41,205000,33000,2.05,420000,2010,"Maine","Northeast",140.3,2738.7,1302.1,395.4,1,4576.5,205,12
"269","ME",6000,50,3e+05,51000,1.95,585000,2009,"Maine","Northeast",186.3,3936.2,885.6,10.3,1,5018.4,300,11
"270","ME",7000,31,217000,37000,1.28,278000,2004,"Maine","Northeast",1,5041.3,160.8,1,1,5202.1,217,6
"271","ME",7000,42,294000,79000,1.57,462000,2008,"Maine","Northeast",3.3,3620.6,204.8,2764.8,1,6593.5,294,10
"272","ME",7000,43,301000,27000,3.14,945000,2013,"Maine","Northeast",100.1,1808,1935,1,1,3843.1,301,15
"273","ME",8000,26,208000,193000,1.66,345000,2005,"Maine","Northeast",1,2748.5,358.2,1,1,3106.7,208,7
"274","ME",8000,33,264000,145000,1.41,372000,2003,"Maine","Northeast",1,4134.9,1127.9,1,1,5262.8,264,5
"275","ME",8000,47,376000,41000,4.99,1876000,2014,"Maine","Northeast",9.7,3198.1,1715.3,228.3,1,5151.4,376,16
"276","ME",9000,26,234000,59000,1.32,309000,2007,"Maine","Northeast",1,2030.4,23.5,189.7,1,2243.6,234,9
"277","MI",65000,67,4355000,2439000,1.16,5052000,2004,"Michigan","Midwest",3321.5,5746.3,905,260.5,1723.5,11956.8,4355,6
"278","MI",65000,68,4420000,2519000,0.94,4155000,2005,"Michigan","Midwest",6813.3,4993.1,2465.4,727.7,1792.1,16791.6,4420,7
"279","MI",65000,74,4810000,1732000,1.41,6782000,2003,"Michigan","Midwest",1,3450.4,907.7,341.2,1,4699.3,4810,5
"280","MI",66000,60,3960000,1505000,1.55,6138000,2009,"Michigan","Midwest",11210.6,12518.4,14872.2,649.4,1082.2,40332.8,3960,11
"281","MI",71000,58,4118000,1524000,1.67,6877000,2010,"Michigan","Midwest",11898.8,16153.4,12375.6,814.7,1308.2,42550.7,4118,12
"282","MI",71000,73,5183000,2021000,1.44,7464000,2008,"Michigan","Midwest",17502.5,4558.1,8610.2,746.4,1114.6,32531.8,5183,10
"283","MI",72000,55,3960000,2099000,1.15,4554000,2006,"Michigan","Midwest",8632.8,6425.4,5611,373,1250.8,22293,3960,8
"284","MI",72000,64,4608000,2350000,1.19,5484000,2007,"Michigan","Midwest",14722.5,3854.9,8348.9,553.7,1853,29333,4608,9
"285","MI",72000,75,5400000,2970000,0.6,3240000,2000,"Michigan","Midwest",1,5003.6,1,1,1,5003.6,5400,2
"286","MI",72000,77,5544000,1885000,1.4,7762000,2002,"Michigan","Midwest",1,2973.7,762,1,1,3735.7,5544,4
"287","MI",73000,57,4161000,1332000,2.03,8447000,2012,"Michigan","Midwest",36304.2,17017.8,11432.9,707.1,419.9,65881.9,4161,14
"288","MI",73000,85,6205000,3475000,0.66,4095000,1999,"Michigan","Midwest",1,3453,1,1,1,3453,6205,1
"289","MI",74000,64,4736000,2084000,1.81,8572000,2011,"Michigan","Midwest",17898.8,16502.5,15941.1,1167.8,840.3,52350.5,4736,13
"290","MI",76000,60,4560000,2827000,0.81,3694000,2001,"Michigan","Midwest",1,4091.4,24.8,1,1,4116.2,4560,3
"291","MI",80000,85,6800000,3672000,0.66,4488000,1998,"Michigan","Midwest",1,5238.3,1,1,1,5238.3,6800,0
"292","MI",85000,55,4675000,982000,2.16,10098000,2013,"Michigan","Midwest",44878.1,19755.4,14566.3,1127.3,863.8,81190.9,4675,15
"293","MI",90000,58,5220000,1984000,2.44,12737000,2015,"Michigan","Midwest",730.3,8303.2,8145.2,1665.4,56,18900.1,5220,17
"294","MI",91000,63,5733000,1835000,2.49,14275000,2014,"Michigan","Midwest",45281.4,17131.4,20021.4,794.3,1107,84335.5,5733,16
"295","MN",117000,73,8541000,1110000,1.47,12555000,2002,"Minnesota","Midwest",1,3265.3,1609.1,1,1,4874.4,8541,4
"296","MN",120000,53,6360000,2099000,1.63,10367000,2011,"Minnesota","Midwest",94614.2,42626.3,33626.1,223.2,1,171089.8,6360,13
"297","MN",120000,74,8880000,1598000,0.9,7992000,2005,"Minnesota","Midwest",17982.9,1101,7970.6,1,1,27054.5,8880,7
"298","MN",120000,83,9960000,1892000,1.44,14342000,2003,"Minnesota","Midwest",1,375.7,1393.1,1,1,1768.8,9960,5
"299","MN",122000,65,7930000,1427000,1.44,11419000,2009,"Minnesota","Midwest",49606.5,10683,28357.5,122.6,1,88769.6,7930,11
"300","MN",122000,68,8296000,2157000,1.84,15265000,2015,"Minnesota","Midwest",352,9611.2,9092,1,1,19055.2,8296,17
"301","MN",122000,78,9516000,2569000,1.39,13227000,2008,"Minnesota","Midwest",42875.7,8183.8,21133.2,1,1,72192.7,9516,10
"302","MN",125000,67,8375000,1591000,1.92,16080000,2012,"Minnesota","Midwest",135044.1,29129.6,25763.3,227.9,1,190164.9,8375,14
"303","MN",125000,80,1e+07,3300000,0.94,9400000,2006,"Minnesota","Midwest",21232.4,3571,15293.6,13.3,1,40110.3,10000,8
"304","MN",128000,66,8448000,1774000,1.55,13094000,2010,"Minnesota","Midwest",45267,40330.4,23717.8,420.8,1,109736,8448,12
"305","MN",130000,58,7540000,1282000,1.99,15005000,2013,"Minnesota","Midwest",134266.6,34053.6,31282.7,25.7,1,199628.6,7540,15
"306","MN",130000,68,8840000,2564000,1.04,9194000,2007,"Minnesota","Midwest",28186.4,5190.5,13464.7,1,1,46841.6,8840,9
"307","MN",132000,60,7920000,1426000,2.06,16315000,2014,"Minnesota","Midwest",192952.2,32150.5,41110,58.6,1,266271.3,7920,16
"308","MN",135000,75,10125000,1924000,1.08,10935000,2004,"Minnesota","Midwest",5268.9,3102.5,5202.2,1,1,13573.6,10125,6
"309","MN",135000,81,10935000,1859000,0.65,7108000,2001,"Minnesota","Midwest",1,4000.5,104.6,1,1,4105.1,10935,3
"310","MN",140000,79,11060000,2765000,0.65,7189000,1998,"Minnesota","Midwest",1,2492.2,1,1,1,2492.2,11060,0
"311","MN",145000,82,11890000,3210000,0.61,7253000,1999,"Minnesota","Midwest",1,5829.8,1,1,1,5829.8,11890,1
"312","MN",150000,90,13500000,3105000,0.57,7695000,2000,"Minnesota","Midwest",1,3226.1,1,1,1,3226.1,13500,2
"313","MO",10000,47,470000,85000,2.62,1231000,2013,"Missouri","Midwest",52530.7,25444.6,21109.8,107.3,1,99192.4,470,15
"314","MO",10000,52,520000,52000,3.55,1846000,2015,"Missouri","Midwest",907.2,7645.3,3643.7,34.7,1,12230.9,520,17
"315","MO",11000,47,517000,57000,1.99,1029000,2009,"Missouri","Midwest",23669.7,10610.5,24267.1,237.4,1,58784.7,517,11
"316","MO",11000,52,572000,92000,1.8,1030000,2010,"Missouri","Midwest",15640.2,23728.6,20191.6,614.3,1,60174.7,572,12
"317","MO",11000,53,583000,152000,1.68,979000,2008,"Missouri","Midwest",14583,9536.4,13325.3,166.3,1,37611,583,10
"318","MO",12000,47,564000,96000,3.63,2047000,2014,"Missouri","Midwest",61668.2,53768.3,36203.8,48.4,1,151688.7,564,16
"319","MO",14000,46,644000,148000,1.12,721000,2007,"Missouri","Midwest",23367.3,7941.8,11287,46.2,1,42642.3,644,9
"320","MO",15000,46,690000,117000,0.98,676000,2006,"Missouri","Midwest",12278.1,2711.9,12321.3,152.4,19.2,27482.9,690,8
"321","MO",15000,50,750000,180000,1.22,915000,2005,"Missouri","Midwest",10880.9,6310.5,4482.1,46.8,1,21720.3,750,7
"322","MO",16000,41,656000,151000,1.36,892000,2004,"Missouri","Midwest",7062.8,7543.4,5998,2125.5,30.2,22759.9,656,6
"323","MO",17000,53,901000,189000,1.41,1270000,2003,"Missouri","Midwest",1,736.4,218.5,139.8,1,1094.7,901,5
"324","MO",18000,50,9e+05,189000,1.42,1278000,2002,"Missouri","Midwest",1,901.5,622.6,81.9,1,1606,900,4
"325","MO",22000,61,1342000,336000,0.71,953000,2001,"Missouri","Midwest",1,1112.1,0.5,1,1,1112.6,1342,3
"326","MO",23000,66,1518000,455000,0.76,1154000,1998,"Missouri","Midwest",1,2264.3,1,1,1,2264.3,1518,0
"327","MO",23000,75,1725000,362000,0.6,1035000,2000,"Missouri","Midwest",1,2756.9,1,1,1,2756.9,1725,2
"328","MO",24000,65,1560000,437000,0.68,1061000,1999,"Missouri","Midwest",1,1382,1,1,1,1382,1560,1
"329","MO",7000,53,371000,108000,2.8,1039000,2012,"Missouri","Midwest",44827.9,32864.5,23240.9,80.7,1,101014,371,14
"330","MO",8000,43,344000,76000,2.14,736000,2011,"Missouri","Midwest",20725.6,36426.1,33808.2,2474,1,93433.9,344,13
"331","MS",14000,104,1456000,87000,1.32,1922000,2009,"Mississippi","South",3800.9,9380.4,13751.7,743.6,1,27676.6,1456,11
"332","MS",14000,98,1372000,110000,1.3,1784000,2008,"Mississippi","South",4828.1,12013.8,18536.6,993.2,1,36371.7,1372,10
"333","MS",14000,98,1372000,453000,0.93,1276000,2006,"Mississippi","South",1550.2,5332.2,27097,2585.9,1,36565.3,1372,8
"334","MS",15000,83,1245000,87000,2.4,2988000,2015,"Mississippi","South",192.9,8338.6,3334.5,304.7,1,12170.7,1245,17
"335","MS",15000,92,1380000,166000,0.91,1256000,2007,"Mississippi","South",258.5,5697,20317.5,1489.5,1,27762.5,1380,9
"336","MS",16000,80,1280000,346000,0.67,858000,2005,"Mississippi","South",4477.5,7273.6,16903.9,1403,1,30058,1280,7
"337","MS",16000,98,1568000,78000,1.44,2258000,2010,"Mississippi","South",2113.7,21952.9,18639.1,200.8,1,42906.5,1568,12
"338","MS",17000,116,1972000,39000,1.86,3668000,2013,"Mississippi","South",19968.5,12342.7,15532.7,1,1,47843.9,1972,15
"339","MS",17000,66,1122000,224000,0.89,999000,2001,"Mississippi","South",1,3182.7,1613.2,1,1,4795.9,1122,3
"340","MS",17000,72,1224000,649000,0.69,845000,2000,"Mississippi","South",1,682,169.4,1,1,851.4,1224,2
"341","MS",18000,115,2070000,104000,1.53,3167000,2011,"Mississippi","South",6635.4,22192.3,23191.2,303.8,1,52322.7,2070,13
"342","MS",18000,118,2124000,64000,1.77,3759000,2012,"Mississippi","South",12287.3,22205.7,15563.3,81,1,50137.3,2124,14
"343","MS",18000,65,1170000,421000,0.79,924000,2004,"Mississippi","South",276.4,7601.9,4603.1,2104.3,1,14585.7,1170,6
"344","MS",18000,73,1314000,591000,0.54,710000,1999,"Mississippi","South",1,2514.3,1,1,1,2514.3,1314,1
"345","MS",18000,78,1404000,281000,1.23,1727000,2002,"Mississippi","South",1,4080.3,3439.8,177.6,1,7697.7,1404,4
"346","MS",18000,86,1548000,898000,0.58,898000,1998,"Mississippi","South",1,1404.8,1,1,1,1404.8,1548,0
"347","MS",20000,112,2240000,45000,2.01,4502000,2014,"Mississippi","South",17883.5,16294.1,22734.8,542.2,1,57454.6,2240,16
"348","MS",21000,69,1449000,246000,1.29,1869000,2003,"Mississippi","South",1,4981,2110.9,80.7,1,7172.6,1449,5
"349","MT",115000,122,14030000,5472000,0.64,8979000,1998,"Montana","West",1,44.5,1,1,1,44.5,14030,0
"350","MT",122000,70,8540000,2135000,0.6,5124000,1999,"Montana","West",1,264.2,1,1,1,264.2,8540,1
"351","MT",124000,88,10912000,4692000,0.59,6438000,2000,"Montana","West",1,616.7,1,1,1,616.7,10912,2
"352","MT",130000,67,8710000,3136000,0.86,7491000,2005,"Montana","West",87.4,355.8,169,9.7,1,621.9,8710,7
"353","MT",132000,79,10428000,1981000,0.95,9907000,2006,"Montana","West",17.5,294.4,82.4,6.8,1,401.1,10428,8
"354","MT",134000,63,8442000,1097000,1.38,11650000,2002,"Montana","West",1,55.2,54.1,1,1,109.3,8442,4
"355","MT",134000,70,9380000,4596000,1.37,12851000,2008,"Montana","West",443.8,166.4,410.9,6.2,1,1027.3,9380,10
"356","MT",135000,68,9180000,2479000,0.99,9088000,2007,"Montana","West",96.1,147.3,80.1,4.8,1,328.3,9180,9
"357","MT",136000,102,13872000,4578000,0.67,9294000,2001,"Montana","West",1,296.6,6,1,1,302.6,13872,3
"358","MT",140000,77,10780000,3773000,1.08,11642000,2004,"Montana","West",110,201.4,67.7,9.3,1,388.4,10780,6
"359","MT",145000,52,7540000,2413000,1.95,14703000,2012,"Montana","West",1460.8,8595.8,3206.4,1,1,13263,7540,14
"360","MT",145000,66,9570000,1914000,1.44,13781000,2003,"Montana","West",1,139.8,29.7,9.6,1,179.1,9570,5
"361","MT",145000,92,13340000,3202000,1.7,22678000,2011,"Montana","West",801.9,5994,5910.6,1,1,12706.5,13340,13
"362","MT",146000,70,10220000,3577000,1.46,14921000,2009,"Montana","West",621.9,2619,2471.6,4.9,1,5717.4,10220,11
"363","MT",146000,83,12118000,3757000,1.94,23509000,2015,"Montana","West",1,1130.6,36.6,0.7,1,1167.9,12118,17
"364","MT",157000,74,11618000,2905000,1.58,18356000,2010,"Montana","West",2595.9,5529.1,4624.7,6.4,1,12756.1,11618,12
"365","MT",159000,94,14946000,5231000,2.09,31237000,2013,"Montana","West",1438.8,18253.6,5728.2,5.1,1,25425.7,14946,15
"366","MT",162000,88,14256000,5132000,2.09,29795000,2014,"Montana","West",2529.9,9591.7,5759.4,2.6,1,17883.6,14256,16
"367","NC",10000,38,380000,84000,3.67,1395000,2013,"North Carolina","South",14693.5,19714.7,12080,261.4,68.7,46818.3,380,15
"368","NC",10000,44,440000,79000,1.92,845000,2003,"North Carolina","South",1,2504.1,1090.6,1,1,3594.7,440,5
"369","NC",10000,50,5e+05,215000,1.57,785000,2006,"North Carolina","South",4395.6,7366,7042.1,565,440.6,19809.3,500,8
"370","NC",10000,54,540000,146000,1.88,1015000,2005,"North Carolina","South",3804.9,6303.5,1130.8,81.7,199.4,11520.3,540,7
"371","NC",11000,45,495000,84000,2.57,1272000,2009,"North Carolina","South",8952.2,5843.9,12735.9,376.6,7.2,27915.8,495,11
"372","NC",11000,49,539000,243000,1.43,771000,2000,"North Carolina","South",1,2145.2,1,1,1,2145.2,539,2
"373","NC",12000,43,516000,88000,3.49,1801000,2014,"North Carolina","South",20227,27637,10012.9,320,238.7,58435.6,516,16
"374","NC",12000,45,540000,103000,4.51,2435000,2015,"North Carolina","South",644.6,13326.1,4136,552.1,185.9,18844.7,540,17
"375","NC",12000,45,540000,76000,2.49,1345000,2007,"North Carolina","South",8126.6,4319.2,6838.4,134.5,218.7,19637.4,540,9
"376","NC",12000,52,624000,137000,2.18,1360000,2008,"North Carolina","South",4130.6,5478.6,15193.8,369.2,298.2,25470.4,624,10
"377","NC",13000,39,507000,106000,3.76,1906000,2012,"North Carolina","South",23591.4,12598.5,12417.2,497.8,45.8,49150.7,507,14
"378","NC",13000,44,572000,172000,1.48,847000,2001,"North Carolina","South",1,3898.4,1,1,1,3898.4,572,3
"379","NC",13000,46,598000,144000,2.66,1591000,2010,"North Carolina","South",7108.9,7916.6,7038,742.9,121.1,22927.5,598,12
"380","NC",14000,62,868000,95000,2.83,2456000,2011,"North Carolina","South",10678.5,13127.3,13596.8,110.7,170.4,37683.7,868,13
"381","NC",16000,42,672000,74000,1.41,948000,2002,"North Carolina","South",1,3016.9,2331.3,1,1,5348.2,672,4
"382","NC",8000,59,472000,151000,1.38,651000,1998,"North Carolina","South",1,6576.4,1,1,1,6576.4,472,0
"383","NC",9000,40,360000,72000,1.93,695000,2004,"North Carolina","South",4368,5573.4,1280.5,53.1,28.3,11303.3,360,6
"384","NC",9000,46,414000,104000,1.62,671000,1999,"North Carolina","South",1,3549.8,1,1,1,3549.8,414,1
"385","ND",230000,128,29440000,8832000,0.63,18547000,1998,"North Dakota","Midwest",1,2019.4,1,1,1,2019.4,29440,0
"386","ND",255000,105,26775000,8836000,0.59,15797000,1999,"North Dakota","Midwest",1,7948.8,1,1,1,7948.8,26775,1
"387","ND",280000,96,26880000,9408000,0.69,18547000,2001,"North Dakota","Midwest",1,3084.9,131.3,1,1,3216.2,26880,3
"388","ND",3e+05,115,34500000,13800000,0.57,19665000,2000,"North Dakota","Midwest",1,5383,1,1,1,5383,34500,2
"389","ND",320000,75,2.4e+07,8160000,1.46,35040000,2002,"North Dakota","Midwest",1,3251.9,484.7,1,1,3736.6,24000,4
"390","ND",340000,87,29580000,6803000,1.36,40229000,2003,"North Dakota","Midwest",1,2593.3,424.3,1,1,3017.6,29580,5
"391","ND",350000,74,25900000,7770000,0.91,23569000,2006,"North Dakota","Midwest",2362.6,7025.1,4886.4,1,1,14274.1,25900,8
"392","ND",370000,91,33670000,8418000,0.83,27946000,2005,"North Dakota","Midwest",3687.3,3156.5,5942.6,1,1,12786.4,33670,7
"393","ND",390000,78,30420000,9126000,1.05,31941000,2004,"North Dakota","Midwest",738,10202.8,2253.4,1,1,13194.2,30420,6
"394","ND",4e+05,90,3.6e+07,8640000,1.36,48960000,2008,"North Dakota","Midwest",8445.2,9953,22254.7,1,1,40652.9,36000,10
"395","ND",420000,74,31080000,9013000,0.96,29837000,2007,"North Dakota","Midwest",4917.7,6865.7,10283.6,1,1,22067,31080,9
"396","ND",450000,77,34650000,7623000,1.38,47817000,2009,"North Dakota","Midwest",16750.7,17809.8,22704.7,1,1,57265.2,34650,11
"397","ND",460000,71,32660000,7512000,1.67,54542000,2011,"North Dakota","Midwest",21339.7,13844.6,17261.4,1,1,52445.7,32660,13
"398","ND",480000,69,33120000,5962000,1.92,63590000,2012,"North Dakota","Midwest",47176.9,25924.6,23480.2,1,1,96581.7,33120,14
"399","ND",480000,69,33120000,6955000,2.04,67565000,2013,"North Dakota","Midwest",78412.3,42333.5,22190.4,1,1,142936.2,33120,15
"400","ND",490000,74,36260000,9428000,1.8,65268000,2015,"North Dakota","Midwest",119,12808.6,3281.1,1,1,16208.7,36260,17
"401","ND",490000,86,42140000,9271000,1.99,83859000,2014,"North Dakota","Midwest",49015.4,33305.4,41192.1,1,1,123512.9,42140,16
"402","ND",510000,91,46410000,12995000,1.5,69615000,2010,"North Dakota","Midwest",15085.3,28013.3,17703.9,1,1,60802.5,46410,12
"403","NE",36000,67,2412000,1254000,1.45,3497000,2008,"Nebraska","Midwest",52254.1,9830.7,19963,1,1,82047.8,2412,10
"404","NE",40000,68,2720000,2530000,0.87,2366000,2005,"Nebraska","Midwest",36206.1,7809.4,8869.2,1,1,52884.7,2720,7
"405","NE",41000,55,2255000,902000,1.51,3405000,2010,"Nebraska","Midwest",27720.9,32164.3,40789.9,1,1,100675.1,2255,12
"406","NE",41000,59,2419000,653000,1.75,4233000,2011,"Nebraska","Midwest",74180.9,27016.1,37316.3,1,1,138513.3,2419,13
"407","NE",43000,48,2064000,1115000,0.72,1486000,2001,"Nebraska","Midwest",1,1552.8,22.9,1,1,1575.7,2064,3
"408","NE",43000,65,2795000,1146000,1.93,5394000,2012,"Nebraska","Midwest",115264.2,24340.8,47666.3,1,1,187271.3,2795,14
"409","NE",43000,75,3225000,1161000,1.49,4805000,2002,"Nebraska","Midwest",1,363.3,306,1,1,669.3,3225,4
"410","NE",45000,49,2205000,1477000,1.03,2271000,2007,"Nebraska","Midwest",31003.7,3883.7,14695.1,1,1,49582.5,2205,9
"411","NE",45000,74,3330000,1299000,1.38,4595000,2003,"Nebraska","Midwest",1,135.7,409.1,1,1,544.8,3330,5
"412","NE",46000,60,2760000,1628000,2.07,5713000,2013,"Nebraska","Midwest",134722.1,18239.1,49819.9,1,1,202781.1,2760,15
"413","NE",47000,73,3431000,3843000,0.93,3191000,2006,"Nebraska","Midwest",22747.7,2761.9,8988.5,1,1,34498.1,3431,8
"414","NE",48000,56,2688000,1102000,1.46,3924000,2009,"Nebraska","Midwest",52856.2,9245.6,34858.3,1,1,96960.1,2688,11
"415","NE",50000,75,3750000,1688000,2.04,7650000,2014,"Nebraska","Midwest",135037.2,39838.2,51112.9,1,1,225989.3,3750,16
"416","NE",50000,87,4350000,2610000,0.59,2567000,2000,"Nebraska","Midwest",1,2204.3,1,1,1,2204.3,4350,2
"417","NE",51000,89,4539000,2043000,1.01,4584000,2004,"Nebraska","Midwest",31677,7570.2,4571.1,1,1,43818.3,4539,6
"418","NE",57000,48,2736000,1450000,2.04,5581000,2015,"Nebraska","Midwest",1,5562.7,574.6,0.5,1,6137.8,2736,17
"419","NE",58000,77,4466000,1965000,0.61,2724000,1999,"Nebraska","Midwest",1,396.8,1,1,1,396.8,4466,1
"420","NE",64000,70,4480000,2240000,0.86,3853000,1998,"Nebraska","Midwest",1,591.3,1,1,1,591.3,4480,0
"421","NJ",10000,19,190000,101000,1.6,304000,2003,"New Jersey","Northeast",1,455.1,129.3,1,1,584.4,190,5
"422","NJ",10000,44,440000,154000,0.57,251000,1999,"New Jersey","Northeast",1,581.2,1,1,1,581.2,440,1
"423","NJ",11000,32,352000,70000,2.36,831000,2009,"New Jersey","Northeast",799.7,627.9,373.2,493.3,74.4,2368.5,352,11
"424","NJ",11000,34,374000,71000,0.85,318000,2001,"New Jersey","Northeast",1,570.5,3.6,1,1,574.1,374,3
"425","NJ",11000,35,385000,2e+05,0.61,235000,2000,"New Jersey","Northeast",1,935.8,1,1,1,935.8,385,2
"426","NJ",11000,40,440000,92000,1,440000,2002,"New Jersey","Northeast",1,1761.2,48.9,1,1,1810.1,440,4
"427","NJ",11000,41,451000,135000,3.7,1669000,2011,"New Jersey","Northeast",328.3,1257.1,342,630.8,171.6,2729.8,451,13
"428","NJ",11000,44,484000,34000,4.19,2028000,2013,"New Jersey","Northeast",1716.7,874.5,1156.3,195.9,82.6,4026,484,15
"429","NJ",11000,49,539000,167000,0.76,410000,1998,"New Jersey","Northeast",1,328.8,1,1,1,328.8,539,0
"430","NJ",12000,27,324000,207000,4.2,1361000,2015,"New Jersey","Northeast",21.7,580.4,30.5,1015.2,215.4,1863.2,324,17
"431","NJ",12000,27,324000,45000,1.4,454000,2004,"New Jersey","Northeast",326.5,492.1,248.4,5,1,1072,324,6
"432","NJ",12000,30,360000,119000,3.13,1127000,2014,"New Jersey","Northeast",1988.4,1220.4,235.7,875.7,139.2,4459.4,360,16
"433","NJ",12000,32,384000,104000,1.2,461000,2005,"New Jersey","Northeast",795.7,707.7,91.4,105.2,29.6,1729.6,384,7
"434","NJ",13000,35,455000,73000,1.9,865000,2010,"New Jersey","Northeast",574.5,896.4,667.8,204.4,44.4,2387.5,455,12
"435","NJ",14000,33,462000,51000,1.97,910000,2012,"New Jersey","Northeast",1433.6,1333.7,842.1,1029.7,64.7,4703.8,462,14
"436","NJ",9000,36,324000,152000,1.14,369000,2006,"New Jersey","Northeast",523.9,383.7,302.5,34.4,46.8,1291.3,324,8
"437","NJ",9000,40,360000,122000,1.62,583000,2008,"New Jersey","Northeast",542.2,448.8,147.2,467.5,32.7,1638.4,360,10
"438","NJ",9000,57,513000,185000,1.96,1005000,2007,"New Jersey","Northeast",488.8,584.8,194.8,26.5,9.2,1304.1,513,9
"439","NM",10000,70,7e+05,350000,0.66,462000,2001,"New Mexico","West",1,426.2,0.6,1,1,426.8,700,3
"440","NM",11000,44,484000,252000,1.1,532000,2002,"New Mexico","West",1,629.1,93.2,40.9,1,763.2,484,4
"441","NM",14000,55,770000,470000,0.76,585000,1998,"New Mexico","West",1,443.9,1,1,1,443.9,770,0
"442","NM",15000,52,780000,476000,0.77,601000,1999,"New Mexico","West",1,385.7,1,1,1,385.7,780,1
"443","NM",15000,64,960000,739000,0.72,691000,2000,"New Mexico","West",1,735.3,1,1,1,735.3,960,2
"444","NM",5000,52,260000,99000,3.39,881000,2012,"New Mexico","West",2160.8,1612.1,715.7,6.7,1,4495.3,260,14
"445","NM",6000,41,246000,108000,1.2,295000,2003,"New Mexico","West",1,722.6,62,22.9,1,807.5,246,5
"446","NM",6000,48,288000,95000,1.48,426000,2008,"New Mexico","West",876.2,3192.4,307.6,42.6,1,4418.8,288,10
"447","NM",6000,59,354000,138000,1.42,503000,2007,"New Mexico","West",478.1,3233.7,270.8,46.3,1,4028.9,354,9
"448","NM",7000,48,336000,104000,1.19,4e+05,2006,"New Mexico","West",222.6,3587.4,227.6,58.4,1,4096,336,8
"449","NM",7000,49,343000,113000,1.03,353000,2005,"New Mexico","West",682.3,3013,642.8,100.9,1,4439,343,7
"450","NM",7000,56,392000,153000,1.69,662000,2011,"New Mexico","West",779.5,4876.6,975.6,23.7,1,6655.4,392,13
"451","NM",7000,60,420000,143000,1.59,668000,2009,"New Mexico","West",661.2,2559.8,693.1,23.7,1,3937.8,420,11
"452","NM",7000,66,462000,157000,1.58,730000,2010,"New Mexico","West",1111.4,2061.3,546.2,80.9,1,3799.8,462,12
"453","NM",8000,44,352000,127000,1.19,419000,2004,"New Mexico","West",157.9,3143.2,255.7,134,1,3690.8,352,6
"454","NV",10000,28,280000,67000,2.99,837000,2007,"Nevada","West",1.1,91,25.5,2.6,1,120.2,280,9
"455","NV",10000,29,290000,52000,1.42,412000,2008,"Nevada","West",5.3,293.3,31.6,2.9,1,333.1,290,10
"456","NV",10000,35,350000,95000,1.45,508000,2000,"Nevada","West",1,170.2,1,1,1,170.2,350,2
"457","NV",10000,46,460000,175000,1.65,759000,1998,"Nevada","West",1,274.4,1,1,1,274.4,460,0
"458","NV",12000,46,552000,442000,3.11,1717000,2005,"Nevada","West",1.1,141.7,54.5,2.5,1,199.8,552,7
"459","NV",14000,55,770000,316000,1.78,1371000,2004,"Nevada","West",7.4,286.4,12.6,2,1,308.4,770,6
"460","NV",6000,64,384000,46000,2.04,783000,2003,"Nevada","West",1,192.6,30.4,0.3,1,223.3,384,5
"461","NV",9000,37,333000,50000,3.62,1205000,2006,"Nevada","West",20.5,35.7,70.9,1.2,1,128.3,333,8
"462","NV",9000,45,405000,271000,1.54,624000,1999,"Nevada","West",1,48.4,1,1,1,48.4,405,1
"463","NV",9000,50,450000,36000,2.14,963000,2001,"Nevada","West",1,208.6,1,1,1,208.6,450,3
"464","NV",9000,62,558000,61000,2.67,1490000,2002,"Nevada","West",1,72.4,25.3,0.1,1,97.8,558,4
"465","NY",45000,64,2880000,1123000,1.96,5645000,2010,"New York","Northeast",4970.4,3743.7,2583.9,4216.3,3655,19169.3,2880,12
"466","NY",45000,65,2925000,936000,1.93,5645000,2009,"New York","Northeast",7854.8,2846.6,1764.8,3748.7,3734.7,19949.6,2925,11
"467","NY",49000,56,2744000,1235000,1.96,5378000,2011,"New York","Northeast",10515.4,3369.5,4264.2,4339.4,2439.6,24928.1,2744,13
"468","NY",50000,70,3500000,1260000,1.65,5775000,2008,"New York","Northeast",7010.1,3272.2,1420.9,3287.3,1660.6,16651.1,3500,10
"469","NY",51000,51,2601000,988000,2.23,5800000,2012,"New York","Northeast",11006.8,6886.2,3483.3,2382.7,2385.5,26144.5,2601,14
"470","NY",53000,57,3021000,1843000,1.38,4169000,2007,"New York","Northeast",5398.3,2053.9,4548.6,724.8,1162.1,13887.7,3021,9
"471","NY",53000,70,3710000,1781000,0.79,2931000,2001,"New York","Northeast",1,3265.2,1,1,1,3265.2,3710,3
"472","NY",55000,48,2640000,1030000,2.12,5597000,2013,"New York","Northeast",19919.1,12241.7,5150.3,3126.4,3885.8,44323.3,2640,15
"473","NY",58000,62,3596000,899000,2.94,10572000,2015,"New York","Northeast",4.8,1199.2,899.9,3811.2,1367.5,7282.6,3596,17
"474","NY",58000,64,3712000,2376000,1.3,4826000,2006,"New York","Northeast",1417.8,2174.4,2009.4,3508.6,1329.7,10439.9,3712,8
"475","NY",58000,80,4640000,2274000,0.55,2552000,2000,"New York","Northeast",1,2148.3,1,1,1,2148.3,4640,2
"476","NY",59000,73,4307000,2283000,1.34,5771000,2005,"New York","Northeast",752.2,2556.1,1153.9,570.5,1552.2,6584.9,4307,7
"477","NY",60000,55,3300000,1518000,2.83,9339000,2014,"New York","Northeast",17458.9,11993.6,5763.1,2931.1,3482.3,41629,3300,16
"478","NY",60000,98,5880000,2470000,1.25,7350000,2002,"New York","Northeast",1,12341.9,295.6,1,1,12637.5,5880,4
"479","NY",64000,67,4288000,1887000,1.36,5832000,2004,"New York","Northeast",195.7,2201.9,977.9,99.2,70.3,3545,4288,6
"480","NY",65000,80,5200000,2444000,0.7,3640000,1998,"New York","Northeast",1,1608.8,1,1,1,1608.8,5200,0
"481","NY",67000,72,4824000,1640000,1.36,6561000,2003,"New York","Northeast",1,2100.9,458,1,1,2558.9,4824,5
"482","NY",69000,70,4830000,2077000,0.66,3188000,1999,"New York","Northeast",1,2334.9,1,1,1,2334.9,4830,1
"483","OH",11000,50,550000,132000,2.81,1546000,2009,"Ohio","Midwest",24415.2,11197.2,17718,285.9,93.1,53709.4,550,11
"484","OH",14000,53,742000,371000,1.68,1247000,2008,"Ohio","Midwest",19787.1,2704.6,16039.9,145.5,136.4,38813.5,742,10
"485","OH",14000,56,784000,282000,1.4,1098000,2006,"Ohio","Midwest",9702,3590.7,7270.3,135.8,77,20775.8,784,8
"486","OH",14000,61,854000,376000,1.77,1512000,2007,"Ohio","Midwest",12110.5,4013.8,9938.2,156.8,198.8,26418.1,854,9
"487","OH",15000,50,750000,278000,1.4,1050000,2003,"Ohio","Midwest",1,432.6,114.3,67.7,1,614.6,750,5
"488","OH",15000,61,915000,256000,3.58,3276000,2014,"Ohio","Midwest",73525.7,33297.8,20062.8,493.9,41.6,127421.8,915,16
"489","OH",15000,66,990000,228000,2.34,2317000,2011,"Ohio","Midwest",28900,34598,16213.6,207.7,338.9,80258.2,990,13
"490","OH",15000,69,1035000,580000,1.4,1449000,2005,"Ohio","Midwest",10132.8,2235.4,4942.4,363.5,46.2,17720.3,1035,7
"491","OH",16000,58,928000,353000,1.53,1420000,2004,"Ohio","Midwest",4343.4,6482.9,1432.4,33.9,202.8,12495.4,928,6
"492","OH",17000,45,765000,390000,3.29,2517000,2013,"Ohio","Midwest",62683.6,32189,19344.1,269.3,53.8,114539.8,765,15
"493","OH",17000,50,850000,357000,3.6,3060000,2015,"Ohio","Midwest",19.5,5637.8,3022.3,280.3,166.4,9126.3,850,17
"494","OH",18000,60,1080000,410000,2.46,2657000,2012,"Ohio","Midwest",53550.3,30901,18157.5,113,62.2,102784,1080,14
"495","OH",18000,62,1116000,346000,2.28,2544000,2010,"Ohio","Midwest",16751.5,30783.9,20696.9,126.6,113.2,68472.1,1116,12
"496","OH",18000,65,1170000,585000,0.79,924000,2000,"Ohio","Midwest",1,896.8,1,1,1,896.8,1170,2
"497","OH",18000,70,1260000,504000,1.44,1814000,2002,"Ohio","Midwest",1,1134.1,45,1,1,1179.1,1260,4
"498","OH",18000,78,1404000,702000,0.83,1165000,1998,"Ohio","Midwest",1,1029.2,1,1,1,1029.2,1404,0
"499","OH",18000,81,1458000,569000,1.01,1473000,2001,"Ohio","Midwest",1,813.6,1,1,1,813.6,1458,3
"500","OH",20000,74,1480000,784000,0.72,1066000,1999,"Ohio","Midwest",1,1099,1,1,1,1099,1480,1
"501","OK",3000,47,141000,69000,1.84,259000,2003,"Oklahoma","South",1,134.1,13,33,1,180.1,141,5
"502","OK",3000,53,159000,51000,1.63,259000,2002,"Oklahoma","South",1,66.5,36,108,1,210.5,159,4
"503","OK",4000,47,188000,105000,1.43,269000,2001,"Oklahoma","South",1,206.3,5,1,1,211.3,188,3
"504","OK",4000,51,204000,63000,1.24,253000,1998,"Oklahoma","South",1,119.4,1,1,1,119.4,204,0
"505","OK",6000,45,270000,49000,1.34,362000,1999,"Oklahoma","South",1,153,1,1,1,153,270,1
"506","OK",7000,35,245000,64000,1.26,309000,2000,"Oklahoma","South",1,307.5,1,1,1,307.5,245,2
"507","OR",39000,42,1638000,557000,1.08,1769000,2005,"Oregon","West",244.9,1407.3,723.6,920.6,278.1,3574.5,1638,7
"508","OR",42000,51,2142000,964000,1.27,2720000,2003,"Oregon","West",1,1239.9,430.3,539.2,1,2209.4,2142,5
"509","OR",42000,54,2268000,1111000,1.21,2744000,2004,"Oregon","West",59.2,1682.6,369.6,478.5,466.5,3056.4,2268,6
"510","OR",43000,49,2107000,885000,1.35,2844000,2002,"Oregon","West",1,1901.9,448.6,308.3,1,2658.8,2107,4
"511","OR",44000,44,1936000,1200000,0.74,1433000,2001,"Oregon","West",1,3188.5,140.7,1,1,3329.2,1936,3
"512","OR",45000,57,2565000,2026000,0.8,2052000,1999,"Oregon","West",1,583.2,1,1,1,583.2,2565,1
"513","OR",46000,43,1978000,1088000,1.31,2591000,2007,"Oregon","West",1173.6,1596.4,635,1308.2,371.7,5084.9,1978,9
"514","OR",46000,48,2208000,729000,1.05,2318000,2006,"Oregon","West",543.4,470.5,628.1,1645.8,566.6,3854.4,2208,8
"515","OR",48000,51,2448000,1665000,0.66,1616000,2000,"Oregon","West",1,1739.6,1,1,1,1739.6,2448,2
"516","OR",50000,43,2150000,1097000,1.41,3032000,2008,"Oregon","West",336.7,2943.1,910,1230.4,591,6011.2,2150,10
"517","OR",50000,45,2250000,1620000,0.9,2025000,1998,"Oregon","West",1,1543.1,1,1,1,1543.1,2250,0
"518","OR",55000,34,1870000,767000,1.54,2880000,2009,"Oregon","West",1027.1,4093,2166.1,673,602.4,8561.6,1870,11
"519","OR",59000,39,2301000,874000,1.63,3751000,2010,"Oregon","West",1289.4,5111.4,2070.8,918.2,612.1,10001.9,2301,12
"520","OR",60000,32,1920000,845000,2.16,4147000,2012,"Oregon","West",571.2,6878.9,4527.9,728.3,345.1,13051.4,1920,14
"521","OR",60000,34,2040000,755000,1.68,3427000,2011,"Oregon","West",451.8,6917.6,1284.3,647.5,281.4,9582.6,2040,13
"522","OR",62000,35,2170000,456000,2.39,5186000,2013,"Oregon","West",1189.2,7759.4,4135.6,1019.5,453.7,14557.4,2170,15
"523","OR",71000,38,2698000,809000,2.43,6556000,2015,"Oregon","West",65.3,4410.7,235.8,549.8,35.1,5296.7,2698,17
"524","OR",71000,40,2840000,767000,2.2,6248000,2014,"Oregon","West",993.3,6588.7,5361.1,872.8,219.3,14035.2,2840,16
"525","PA",13000,45,585000,257000,3.03,1773000,2013,"Pennsylvania","Northeast",19178.3,3503,5813.4,1651.5,1073.8,31220,585,15
"526","PA",16000,60,960000,269000,2.57,2467000,2012,"Pennsylvania","Northeast",16489.1,9714.9,5118.5,2152.4,895.9,34370.8,960,14
"527","PA",17000,46,782000,203000,2.91,2276000,2014,"Pennsylvania","Northeast",22058.6,9313.2,5245.7,1645.5,1616.9,39879.9,782,16
"528","PA",17000,53,901000,225000,3.62,3262000,2015,"Pennsylvania","Northeast",439.5,2294.2,337.3,2520.4,1382.6,6974,901,17
"529","PA",21000,40,840000,319000,2.03,1705000,2009,"Pennsylvania","Northeast",10994,2636.1,2797.3,1156,1137.1,18720.5,840,11
"530","PA",23000,48,1104000,276000,1.65,1822000,2008,"Pennsylvania","Northeast",10003.2,1973.6,2788.5,1012.7,512.5,16290.5,1104,10
"531","PA",24000,44,1056000,306000,2.55,2693000,2011,"Pennsylvania","Northeast",9158,5840.5,4433.8,1576.9,1054.1,22063.3,1056,13
"532","PA",25000,42,1050000,326000,1.7,1785000,2007,"Pennsylvania","Northeast",9827.4,2193.4,2286.2,835.8,742.5,15885.3,1050,9
"533","PA",25000,45,1125000,630000,0.76,855000,2000,"Pennsylvania","Northeast",1,1920.9,1,1,1,1920.9,1125,2
"534","PA",26000,57,1482000,785000,0.92,1363000,2001,"Pennsylvania","Northeast",1,2047.8,1.5,1,1,2049.3,1482,3
"535","PA",26000,66,1716000,789000,0.8,1373000,1998,"Pennsylvania","Northeast",1,2068.1,1,1,1,2068.1,1716,0
"536","PA",27000,50,1350000,419000,1.44,1944000,2003,"Pennsylvania","Northeast",1,1442,899,1,1,2341,1350,5
"537","PA",28000,40,1120000,605000,1.63,1826000,2006,"Pennsylvania","Northeast",6848.4,2111.7,2068.4,417.9,2556.7,14003.1,1120,8
"538","PA",28000,56,1568000,8e+05,1.12,1756000,2005,"Pennsylvania","Northeast",8217.6,2002.1,3810.7,410.7,1365.4,15806.5,1568,7
"539","PA",28000,60,1680000,790000,0.76,1277000,1999,"Pennsylvania","Northeast",1,2100.5,1,1,1,2100.5,1680,1
"540","PA",29000,57,1653000,827000,1.34,2215000,2002,"Pennsylvania","Northeast",1,2120.8,187.6,1,1,2308.4,1653,4
"541","PA",30000,37,1110000,377000,2.13,2364000,2010,"Pennsylvania","Northeast",5339,4065.1,3886.9,1214.6,473.1,14978.7,1110,12
"542","PA",30000,54,1620000,810000,1.42,2300000,2004,"Pennsylvania","Northeast",5459.9,1608.3,1116.8,226.4,443.6,8855,1620,6
"543","SC",14000,67,938000,38000,4.1,3846000,2015,"South Carolina","South",900.5,5923,1364.2,59.5,1,8247.2,938,17
"544","SC",4000,70,280000,8000,1.89,529000,2003,"South Carolina","South",1,625.6,264.9,1,1,890.5,280,5
"545","SC",5000,94,470000,14000,1.25,588000,2002,"South Carolina","South",1,295.5,476.3,1,1,771.8,470,4
"546","SC",7000,40,280000,67000,0.79,221000,2001,"South Carolina","South",1,631,1,1,1,631,280,3
"547","SC",9000,54,486000,19000,3.97,1929000,2014,"South Carolina","South",7144.3,5645.3,3728.9,18.6,1,16537.1,486,16
"548","SD",215000,105,22575000,13545000,1.01,22801000,2004,"South Dakota","Midwest",5911.3,608.5,5271.8,1,1,11791.6,22575,6
"549","SD",215000,70,15050000,2709000,1.43,21522000,2003,"South Dakota","Midwest",1,23.8,35.5,1,1,59.3,15050,5
"550","SD",220000,79,17380000,11818000,0.83,14425000,2005,"South Dakota","Midwest",14632.9,2917.8,5778.2,1,1,23328.9,17380,7
"551","SD",224000,104,23296000,13046000,0.6,13978000,1999,"South Dakota","Midwest",1,166.3,1,1,1,166.3,23296,1
"552","SD",225000,47,10575000,10575000,0.94,9941000,2006,"South Dakota","Midwest",9656.3,2415.1,7890.2,1,1,19961.6,10575,8
"553","SD",225000,51,11475000,2410000,1.42,16295000,2002,"South Dakota","Midwest",1,14,26.1,1,1,40.1,11475,4
"554","SD",225000,95,21375000,10901000,0.64,13680000,1998,"South Dakota","Midwest",1,29.8,1,1,1,29.8,21375,0
"555","SD",225000,95,21375000,11970000,1.34,28643000,2008,"South Dakota","Midwest",19030.9,8371.2,15456.4,1,1,42858.5,21375,10
"556","SD",235000,121,28435000,12796000,0.58,16492000,2000,"South Dakota","Midwest",1,339.1,1,1,1,339.1,28435,2
"557","SD",235000,65,15275000,12220000,0.71,10845000,2001,"South Dakota","Midwest",1,129.1,6.8,1,1,135.9,15275,3
"558","SD",250000,66,16500000,4290000,1.7,28050000,2011,"South Dakota","Midwest",56469.5,9590,31202.5,1,1,97262,16500,13
"559","SD",255000,52,13260000,10608000,1.02,13525000,2007,"South Dakota","Midwest",17259.9,5374.1,12813.5,1,1,35447.5,13260,9
"560","SD",260000,63,16380000,3604000,1.95,31941000,2012,"South Dakota","Midwest",83387.2,23306,27449.5,1,1,134142.7,16380,14
"561","SD",265000,56,14840000,6381000,2.07,30719000,2013,"South Dakota","Midwest",110271.7,41123.6,20578.9,1,1,171974.2,14840,15
"562","SD",265000,58,15370000,4765000,1.51,23209000,2010,"South Dakota","Midwest",25785.1,19213.3,24743.8,1,1,69742.2,15370,12
"563","SD",270000,66,17820000,6237000,1.42,25304000,2009,"South Dakota","Midwest",25722.1,11245.6,30030.9,1,1,66998.6,17820,11
"564","SD",280000,87,24360000,5846000,2.08,50669000,2014,"South Dakota","Midwest",99792.8,15470.3,33505.7,1,1,148768.8,24360,16
"565","SD",290000,66,19140000,9379000,1.79,34261000,2015,"South Dakota","Midwest",1,2380.3,7602.5,1,1,9982.8,19140,17
"566","TN",6000,40,240000,46000,1.52,365000,2003,"Tennessee","South",1,1080.9,1378.5,1,1,2459.4,240,5
"567","TN",6000,54,324000,91000,1.73,561000,2004,"Tennessee","South",1814.1,9368,4763.2,2195.6,2,18142.9,324,6
"568","TN",6000,61,366000,59000,2.93,1072000,2012,"Tennessee","South",12711.3,9755,15320.4,37.4,2.1,37826.2,366,14
"569","TN",7000,44,308000,68000,2.93,902000,2011,"Tennessee","South",8521.7,12683.9,13807.5,911,6.4,35930.5,308,13
"570","TN",7000,45,315000,63000,3.55,1118000,2013,"Tennessee","South",24363.6,11922.9,12578.1,14.2,3.9,48882.7,315,15
"571","TN",7000,51,357000,86000,2.37,846000,2009,"Tennessee","South",4902.4,6533,16165.1,641.8,0.1,28242.4,357,11
"572","TN",7000,55,385000,58000,1.84,708000,2006,"Tennessee","South",1644.2,5413.7,13435.6,1060.2,33.4,21587.1,385,8
"573","TN",7000,55,385000,92000,1.67,643000,2005,"Tennessee","South",698.2,12633.2,4017.1,695.6,16,18060.1,385,7
"574","TN",7000,59,413000,78000,4.04,1669000,2015,"Tennessee","South",958.2,5303.8,2472.5,580.7,11.3,9326.5,413,17
"575","TN",7000,61,427000,149000,2.09,892000,2008,"Tennessee","South",3438,9691.3,5011.7,461.4,17.3,18619.7,427,10
"576","TN",7000,63,441000,88000,3.76,1658000,2014,"Tennessee","South",24614.4,18828.9,7925.3,482.7,14.6,51865.9,441,16
"577","TN",7000,64,448000,121000,1.32,591000,1998,"Tennessee","South",1,2954.5,1,1,1,2954.5,448,0
"578","TN",7000,65,455000,114000,1.99,905000,2007,"Tennessee","South",2122.4,5452.4,10910.5,793.8,19.6,19298.7,455,9
"579","TN",8000,51,408000,106000,1.3,530000,1999,"Tennessee","South",1,3196.2,1,1,1,3196.2,408,1
"580","TN",8000,59,472000,131000,1.39,656000,2001,"Tennessee","South",1,1793.7,463.2,1,1,2256.9,472,3
"581","TN",8000,61,488000,137000,1.4,683000,2002,"Tennessee","South",1,2572.4,369.5,79.5,1,3021.4,488,4
"582","TN",8000,63,504000,106000,2.5,1260000,2010,"Tennessee","South",2765.5,10607.5,17264.6,326.5,6.4,30970.5,504,12
"583","TN",9000,61,549000,104000,1.43,785000,2000,"Tennessee","South",1,3094.9,1,1,1,3094.9,549,2
"584","TX",1e+05,72,7200000,792000,1.51,10872000,2010,"Texas","South",16309.8,33072.3,21185.7,4883.5,1,75451.3,7200,12
"585","TX",105000,79,8295000,2986000,0.57,4728000,2000,"Texas","South",1,8249.2,1,1,1,8249.2,8295,2
"586","TX",105000,82,8610000,1550000,0.96,8266000,2007,"Texas","South",13963.4,28647.4,21783.1,5459.1,1,69853,8610,9
"587","TX",106000,59,6254000,1689000,2.1,13133000,2013,"Texas","South",49624,54520.1,37905.6,871.2,1,142920.9,6254,15
"588","TX",108000,81,8748000,2799000,0.64,5599000,1999,"Texas","South",1,19112.6,1,1,1,19112.6,8748,1
"589","TX",114000,67,7638000,985000,1.14,8707000,2002,"Texas","South",1,5253,1101.7,3255.2,1,9609.9,7638,4
"590","TX",116000,76,8816000,1411000,0.97,8552000,2004,"Texas","South",11383.1,44266.8,14481.7,9355.9,1,79487.5,8816,6
"591","TX",116000,78,9048000,2081000,2.24,20268000,2014,"Texas","South",53455.1,63305.3,45239,2057.7,1,164057.1,9048,16
"592","TX",126000,66,8316000,1164000,2.1,17464000,2015,"Texas","South",1,27046.2,19475.6,897.9,1,47419.7,8316,17
"593","TX",140000,67,9380000,1126000,1.4,13132000,2003,"Texas","South",1,4280.2,551.1,3570.8,1,8402.1,9380,5
"594","TX",77000,64,4928000,1380000,1.34,6604000,2008,"Texas","South",17196.3,14089.8,16558.7,4167.2,1,52012,4928,10
"595","TX",78000,58,4524000,633000,1.78,8053000,2011,"Texas","South",15317.7,48437.8,31178.1,1468.2,1,96401.8,4524,13
"596","TX",82000,70,5740000,976000,0.89,5109000,2006,"Texas","South",9881.7,19838.6,13792.6,1880.9,1,45393.8,5740,8
"597","TX",84000,71,5964000,954000,0.86,5129000,2005,"Texas","South",28128.1,11748.1,22322.6,8186.8,1,70385.6,5964,7
"598","TX",89000,63,5607000,1065000,1.39,7794000,2009,"Texas","South",27530.7,17772.8,20451.6,1747.8,1,67502.9,5607,11
"599","TX",91000,77,7007000,1612000,0.62,4344000,1998,"Texas","South",1,6069.7,1,1,1,6069.7,7007,0
"600","TX",92000,52,4784000,718000,2,9568000,2012,"Texas","South",34068.6,41223.7,51258.9,372.5,1,126923.7,4784,14
"601","TX",97000,79,7663000,1533000,0.65,4981000,2001,"Texas","South",1,18478.4,406.8,1,1,18885.2,7663,3
"602","UT",22000,59,1298000,208000,1.3,1687000,2002,"Utah","West",1,44,1.4,0.5,1,45.9,1298,4
"603","UT",23000,38,874000,315000,0.65,568000,2001,"Utah","West",1,11.6,1,1,1,11.6,874,3
"604","UT",23000,39,897000,170000,1.75,1570000,2011,"Utah","West",141.7,297,188,1,1,626.7,897,13
"605","UT",24000,41,984000,462000,0.6,590000,2000,"Utah","West",1,88.7,1,1,1,88.7,984,2
"606","UT",24000,45,1080000,346000,0.95,1026000,2005,"Utah","West",76.6,25.4,11.4,40.6,1,154,1080,7
"607","UT",24000,70,1680000,554000,1.1,1848000,2004,"Utah","West",100.3,39.9,0.9,37.9,1,179,1680,6
"608","UT",25000,38,950000,209000,1.87,1777000,2012,"Utah","West",700.6,636.4,196.2,1,1,1533.2,950,14
"609","UT",25000,57,1425000,157000,1.28,1824000,2003,"Utah","West",1,45.7,1.7,12.2,1,59.6,1425,5
"610","UT",26000,30,780000,195000,1.53,1193000,2010,"Utah","West",155.4,256.4,157.1,26.9,1,595.8,780,12
"611","UT",26000,38,988000,198000,1.46,1442000,2009,"Utah","West",80.9,148.3,91,20.7,1,340.9,988,11
"612","UT",26000,45,1170000,433000,0.68,796000,1999,"Utah","West",1,19.8,1,1,1,19.8,1170,1
"613","UT",26000,50,1300000,299000,0.98,1274000,2006,"Utah","West",48.3,12.3,50.8,19.4,1,130.8,1300,8
"614","UT",27000,42,1134000,147000,1.92,2177000,2015,"Utah","West",1,220.3,0.3,3.2,1,223.8,1134,17
"615","UT",28000,42,1176000,270000,1.13,1329000,2007,"Utah","West",11.9,17.7,6.5,8.7,1,44.8,1176,9
"616","UT",28000,48,1344000,242000,1.57,2110000,2008,"Utah","West",150.2,68,39.7,25.1,1,283,1344,10
"617","UT",29000,28,812000,130000,2.13,1730000,2014,"Utah","West",892.3,434.2,413.5,11.5,1,1751.5,812,16
"618","UT",30000,34,1020000,92000,2.09,2132000,2013,"Utah","West",536.7,554.5,527.2,21.3,1,1639.7,1020,15
"619","UT",30000,58,1740000,557000,0.65,1131000,1998,"Utah","West",1,61.6,1,1,1,61.6,1740,0
"620","VA",4000,40,160000,21000,4.07,651000,2011,"Virginia","South",3086.9,4546.1,5719.8,838.4,9.3,14200.5,160,13
"621","VA",4000,41,164000,23000,3.77,618000,2012,"Virginia","South",6663.5,2546.8,3471.1,628.5,14.8,13324.7,164,14
"622","VA",5000,35,175000,42000,4.5,788000,2013,"Virginia","South",2191.6,8739.3,4279.2,309.2,10.8,15530.1,175,15
"623","VA",5000,37,185000,37000,3.32,614000,2010,"Virginia","South",3070.4,2374.8,1349.2,836,70.1,7700.5,185,12
"624","VA",6000,37,222000,69000,1.68,373000,2003,"Virginia","South",1,958.7,234.2,13.2,1,1206.1,222,5
"625","VA",6000,38,228000,50000,5.53,1261000,2015,"Virginia","South",141,4370.8,400.5,1568.8,23.1,6504.2,228,17
"626","VA",6000,39,234000,56000,3.45,807000,2009,"Virginia","South",3954.9,1283.8,3659.6,486.1,177.4,9561.8,234,11
"627","VA",6000,41,246000,57000,4.68,1151000,2014,"Virginia","South",5310.4,12277.3,3840.9,751.3,29.7,22209.6,246,16
"628","VA",6000,42,252000,45000,2.42,610000,2008,"Virginia","South",5303.8,1061.8,1514.2,481,1,8360.8,252,10
"629","VA",6000,46,276000,63000,2.43,671000,2007,"Virginia","South",2899.7,1890.4,2715.4,710.4,25.8,8241.7,276,9
"630","VA",7000,35,245000,86000,1.17,287000,1999,"Virginia","South",1,835.5,1,1,1,835.5,245,1
"631","VA",7000,38,266000,69000,2.1,559000,2004,"Virginia","South",1319.2,1480.5,616.5,132.8,1,3549,266,6
"632","VA",7000,42,294000,103000,1.5,441000,2000,"Virginia","South",1,1660,1,1,1,1660,294,2
"633","VA",8000,37,296000,59000,2.2,651000,2005,"Virginia","South",1038.9,1388.6,437,1041.6,20.9,3927,296,7
"634","VA",8000,37,296000,86000,1.33,394000,1998,"Virginia","South",1,2842.2,1,1,1,2842.2,296,0
"635","VA",8000,38,304000,79000,1.9,578000,2002,"Virginia","South",1,3070,250.8,1,1,3320.8,304,4
"636","VA",8000,42,336000,114000,2.2,739000,2006,"Virginia","South",2827.3,3115.1,1173,1046.9,61.2,8223.5,336,8
"637","VA",9000,52,468000,94000,1.26,590000,2001,"Virginia","South",1,1708.9,1,1,1,1708.9,468,3
"638","VT",3000,51,153000,46000,3.89,595000,2013,"Vermont","Northeast",1389.4,114.2,245,135.6,94.3,1978.5,153,15
"639","VT",3000,58,174000,61000,4.89,851000,2014,"Vermont","Northeast",1517.8,209.5,176,50.7,57,2011,174,16
"640","VT",4000,43,172000,43000,2.31,397000,2011,"Vermont","Northeast",359.3,75.9,130.6,50.6,129.3,745.7,172,13
"641","VT",4000,60,240000,53000,2.39,574000,2012,"Vermont","Northeast",510,72.9,80.6,42.2,93.8,799.5,240,14
"642","VT",4000,65,260000,73000,3.1,806000,2010,"Vermont","Northeast",304,113.1,188.7,155.7,81.7,843.2,260,12
"643","VT",5000,49,245000,69000,2.01,492000,2009,"Vermont","Northeast",229.7,85.6,146.8,22.8,149.8,634.7,245,11
"644","VT",5000,52,260000,62000,4.23,1100000,2015,"Vermont","Northeast",1,80.6,18.9,49,69.4,217.9,260,17
"645","VT",5000,64,320000,96000,1.7,544000,2007,"Vermont","Northeast",70.4,77.2,758.4,77,36.7,1019.7,320,9
"646","VT",5000,66,330000,119000,2.2,726000,2008,"Vermont","Northeast",201.1,125.9,62.1,57.9,65,512,330,10
"647","VT",6000,56,336000,144000,1.2,403000,2006,"Vermont","Northeast",395.1,49.9,15.2,54.8,168,683,336,8
"648","VT",6000,64,384000,207000,0.85,326000,1998,"Vermont","Northeast",1,3.2,1,1,1,3.2,384,0
"649","VT",6000,66,396000,222000,0.63,249000,1999,"Vermont","Northeast",1,14.4,1,1,1,14.4,396,1
"650","VT",6000,68,408000,192000,1.51,616000,2004,"Vermont","Northeast",92.2,185.9,7.5,3.9,17.8,307.3,408,6
"651","VT",6000,91,546000,169000,1.12,612000,2005,"Vermont","Northeast",33.4,937.5,112.7,134.9,101.2,1319.7,546,7
"652","VT",7000,59,413000,211000,0.68,281000,2000,"Vermont","Northeast",1,41.6,1,1,1,41.6,413,2
"653","VT",7000,81,567000,249000,0.92,522000,2001,"Vermont","Northeast",1,69.8,1,1,1,69.8,567,3
"654","VT",7000,83,581000,163000,1.96,1139000,2003,"Vermont","Northeast",1,21,1.9,1,1,22.9,581,5
"655","VT",7000,89,623000,274000,1.2,748000,2002,"Vermont","Northeast",1,37.8,1.9,1,1,39.7,623,4
"656","WA",46000,44,2024000,648000,1.25,2530000,2007,"Washington","West",2433.3,8497.6,1251.5,8455.8,1077.2,21715.4,2024,9
"657","WA",48000,52,2496000,1048000,0.72,1797000,2001,"Washington","West",1,6570.7,211.1,1,1,6781.8,2496,3
"658","WA",49000,44,2156000,862000,1.51,3256000,2008,"Washington","West",1424.6,5617.2,2020.9,6533.6,870.8,16467.1,2156,10
"659","WA",49000,52,2548000,1605000,1.24,3160000,2006,"Washington","West",387.7,3184.9,708.9,6736.5,2202.6,13220.6,2548,8
"660","WA",50000,51,2550000,561000,1.27,3239000,2002,"Washington","West",1,7068.2,717.5,1628.6,1,9414.3,2550,4
"661","WA",51000,55,2805000,1935000,1.01,2833000,2005,"Washington","West",3393.6,5273.1,4023.6,6638.4,1434.4,20763.1,2805,7
"662","WA",52000,50,2600000,1170000,0.6,1560000,1999,"Washington","West",1,3698.9,1,1,1,3698.9,2600,1
"663","WA",52000,54,2808000,1151000,0.58,1629000,2000,"Washington","West",1,10588.6,1,1,1,10588.6,2808,2
"664","WA",56000,63,3528000,1376000,0.98,3457000,2004,"Washington","West",23.6,5227.5,1679.7,6923.3,1762.5,15616.6,3528,6
"665","WA",58000,51,2958000,1361000,0.64,1893000,1998,"Washington","West",1,24933.7,1,1,1,24933.7,2958,0
"666","WA",58000,56,3248000,942000,1.46,4742000,2003,"Washington","West",1,5527.7,1402.7,6656.6,1,13587,3248,5
"667","WA",62000,41,2542000,1017000,2.38,6050000,2012,"Washington","West",4485,25521,11293,6504,754.1,48557.1,2542,14
"668","WA",62000,44,2728000,1064000,1.58,4310000,2009,"Washington","West",1633.3,11217.8,7777,5437.6,1717.3,27783,2728,11
"669","WA",68000,44,2992000,1167000,2.61,7809000,2014,"Washington","West",3319.3,19598.3,12349.6,6223.8,2045,43536,2992,16
"670","WA",69000,39,2691000,1023000,2.3,6189000,2013,"Washington","West",4413.2,17842.4,14776.1,4190.6,4273.2,45495.5,2691,15
"671","WA",71000,37,2627000,1077000,1.57,4124000,2010,"Washington","West",1046.9,15741.2,6492.3,4465.9,2398.2,30144.5,2627,12
"672","WA",71000,38,2698000,836000,1.93,5207000,2011,"Washington","West",5530.4,13205.8,14840,3141.8,2379.3,39097.3,2698,13
"673","WA",73000,44,3212000,1221000,1.8,5782000,2015,"Washington","West",419.9,20780.1,3198.6,6707.3,611.9,31717.8,3212,17
"674","WI",52000,67,3484000,1603000,2.43,8466000,2015,"Wisconsin","Midwest",937.5,3301.6,7233.8,679.4,1,12152.3,3484,17
"675","WI",53000,54,2862000,1030000,2.38,6812000,2014,"Wisconsin","Midwest",48908.5,9756.5,22715,292,1,81672,2862,16
"676","WI",57000,63,3591000,1508000,1.89,6787000,2011,"Wisconsin","Midwest",24781.5,6481,14983.6,73.6,1,46319.7,3591,13
"677","WI",58000,80,4640000,2366000,1.5,6960000,2008,"Wisconsin","Midwest",19831.9,9206.2,11522.2,9.1,1,40569.4,4640,10
"678","WI",59000,60,3540000,1558000,2.38,8425000,2013,"Wisconsin","Midwest",51622.8,9692.6,16506,226.8,1,78048.2,3540,15
"679","WI",60000,69,4140000,1863000,2.05,8487000,2012,"Wisconsin","Midwest",34275.8,12434.9,18072.8,411.3,1,65194.8,4140,14
"680","WI",60000,84,5040000,3024000,1.22,6149000,2007,"Wisconsin","Midwest",11492.4,4137,7236.8,42.1,1,22908.3,5040,9
"681","WI",63000,60,3780000,1588000,1.58,5972000,2009,"Wisconsin","Midwest",17591.6,9564.6,18956,64.7,1,46176.9,3780,11
"682","WI",64000,64,4096000,1556000,1.68,6881000,2010,"Wisconsin","Midwest",18832,8568.4,14277.6,92.4,1,41770.4,4096,12
"683","WI",64000,83,5312000,2922000,1.14,6056000,2005,"Wisconsin","Midwest",8211.9,4763.9,3063,1123.7,1,17162.5,5312,7
"684","WI",64000,93,5952000,2500000,1.12,6666000,2006,"Wisconsin","Midwest",8449.8,4313,7194.5,222.7,1,20180,5952,8
"685","WI",67000,81,5427000,3419000,0.82,4450000,2001,"Wisconsin","Midwest",1,6284.4,29.1,1,1,6313.5,5427,3
"686","WI",68000,86,5848000,2632000,1.19,6959000,2004,"Wisconsin","Midwest",2434.3,8487,1680.6,1,1,12601.9,5848,6
"687","WI",70000,95,6650000,2461000,1.34,8911000,2002,"Wisconsin","Midwest",1,3654.8,680.9,1,1,4335.7,6650,4
"688","WI",74000,77,5698000,2678000,1.47,8376000,2003,"Wisconsin","Midwest",1,3263.5,1950.7,1,1,5214.2,5698,5
"689","WI",80000,75,6e+06,4560000,0.68,4080000,1999,"Wisconsin","Midwest",1,3660.9,1,1,1,3660.9,6000,1
"690","WI",84000,90,7560000,4385000,0.68,5141000,2000,"Wisconsin","Midwest",1,9522.6,1,1,1,9522.6,7560,2
"691","WI",89000,91,8099000,5264000,0.72,5831000,1998,"Wisconsin","Midwest",1,4283.2,1,1,1,4283.2,8099,0
"692","WV",4000,53,212000,45000,2.57,545000,2011,"West Virginia","South",258.3,332.1,257.3,276.1,92.2,1216,212,13
"693","WV",5000,35,175000,32000,4.44,777000,2015,"West Virginia","South",59.8,310.7,44,469.1,249.2,1132.8,175,17
"694","WV",5000,37,185000,33000,2.6,481000,2009,"West Virginia","South",409.4,104.9,131.4,206.8,69.2,921.7,185,11
"695","WV",5000,40,2e+05,40000,2.39,478000,2010,"West Virginia","South",324.1,174.9,92.2,238.5,36.6,866.3,200,12
"696","WV",6000,31,186000,33000,4.07,757000,2014,"West Virginia","South",578.5,682.1,547.4,599.4,244.6,2652,186,16
"697","WV",6000,39,234000,152000,1.09,255000,1999,"West Virginia","South",1,251.2,1,1,1,251.2,234,1
"698","WV",6000,42,252000,68000,2.02,509000,2006,"West Virginia","South",173.8,153.6,41.1,294.4,21,683.9,252,8
"699","WV",6000,43,258000,49000,2.16,557000,2008,"West Virginia","South",385.8,94.1,51.2,260.1,1,791.2,258,10
"700","WV",6000,46,276000,83000,3.66,1010000,2013,"West Virginia","South",394.5,379,318.9,525.7,13.7,1631.8,276,15
"701","WV",6000,48,288000,95000,2.09,602000,2007,"West Virginia","South",143.4,178,66.6,288.9,172.6,849.5,288,9
"702","WV",6000,48,288000,95000,2.91,838000,2012,"West Virginia","South",849.4,275.2,309.2,190.5,127.2,1751.5,288,14
"703","WV",6000,55,330000,155000,1.14,376000,1998,"West Virginia","South",1,120.7,1,1,1,120.7,330,0
"704","WV",7000,54,378000,234000,1.22,461000,2000,"West Virginia","South",1,130,1,1,1,130,378,2
"705","WV",7000,65,455000,410000,1.42,646000,2001,"West Virginia","South",1,62,1,1,1,62,455,3
"706","WV",8000,47,376000,194000,1.89,711000,2003,"West Virginia","South",1,181.4,0.3,4.2,1,185.9,376,5
"707","WV",8000,51,408000,102000,1.29,526000,2005,"West Virginia","South",54.5,130.1,19.4,251.5,153.8,609.3,408,7
"708","WV",9000,51,459000,151000,1.32,606000,2002,"West Virginia","South",1,81.9,0.4,1,1,82.3,459,4
"709","WV",9000,55,495000,183000,1.41,698000,2004,"West Virginia","South",144.9,208.8,28.1,30.7,1,412.5,495,6
"710","WY",34000,36,1224000,282000,1.59,1946000,2010,"Wyoming","West",756.3,128.1,663.7,1,1,1548.1,1224,12
"711","WY",35000,54,1890000,265000,1.72,3251000,2011,"Wyoming","West",802.7,118.2,271.6,1,1,1192.5,1890,13
"712","WY",37000,48,1776000,391000,1.43,2540000,2009,"Wyoming","West",901.3,137.1,469.7,1,1,1508.1,1776,11
"713","WY",37000,72,2664000,746000,0.61,1625000,1999,"Wyoming","West",1,23.2,1,1,1,23.2,2664,1
"714","WY",38000,61,2318000,255000,2.08,4821000,2014,"Wyoming","West",1262,258.2,566.1,1,1,2086.3,2318,16
"715","WY",38000,63,2394000,383000,1.33,3184000,2002,"Wyoming","West",1,45.4,22,1,1,67.4,2394,4
"716","WY",38000,77,2926000,146000,1.9,5559000,2015,"Wyoming","West",1,114.4,19,1,1,133.4,2926,17
"717","WY",38000,77,2926000,468000,0.65,1902000,2001,"Wyoming","West",1,188.8,4.3,1,1,193.1,2926,3
"718","WY",39000,61,2379000,381000,1.37,3259000,2008,"Wyoming","West",391.7,43.1,859.2,1,1,1294,2379,10
"719","WY",39000,75,2925000,380000,1.1,3218000,2004,"Wyoming","West",217.8,132.1,75.2,1,1,425.1,2925,6
"720","WY",39000,81,3159000,474000,1.41,4454000,2003,"Wyoming","West",1,19,35.1,1,1,54.1,3159,5
"721","WY",39000,85,3315000,497000,0.98,3249000,2006,"Wyoming","West",218.1,31.9,83.7,1,1,333.7,3315,8
"722","WY",39000,93,3627000,798000,0.59,2140000,2000,"Wyoming","West",1,44.5,1,1,1,44.5,3627,2
"723","WY",40000,56,2240000,291000,0.89,1994000,2005,"Wyoming","West",182.7,98.5,105.7,1,1,386.9,2240,7
"724","WY",43000,80,3440000,894000,1,3440000,2007,"Wyoming","West",122.2,198.3,76.3,1,1,396.8,3440,9
"725","WY",46000,60,2760000,524000,0.68,1877000,1998,"Wyoming","West",1,91.2,1,1,1,91.2,2760,0
"726","WY",47000,66,3102000,558000,2.11,6545000,2013,"Wyoming","West",840.9,155.9,526.2,1,1,1523,3102,15
"727","WY",50000,51,2550000,459000,1.87,4769000,2012,"Wyoming","West",1174.9,277,423.3,1,1,1875.2,2550,14
